0	M	M	False	 
1	M	M	True	happy
2	M	m	False	wonder
3	M	m	True	nuance
4	M	s2	False	harmony
5	M	s2	True	restful
6	M	s4	False	bliss
7	M	s4	True	optimism
8	M	+	False	anticipation
9	M	+	True	anticipation
10	M	-	False	build
11	M	-	True	fear
12	M	M7	False	optimism
13	M	M7	True	optimism
14	M	m7	False	wonder
15	M	m7	True	wonder
16	M	7	False	build
17	M	7	True	progress
18	M	mM7	False	annoyance
19	M	mM7	True	build
20	M	M9	False	annoyance
21	M	M9	True	optimism
22	M	m9	False	fear
23	M	m9	True	threat
24	M	M6	False	bliss
25	M	M6	True	happy
26	M	m6	False	nuance
27	M	m6	True	threat
28	M	M11	False	annoyance
29	M	M11	True	annoyance
30	M	m11	False	annoyance
31	M	m11	True	annoyance
32	M	∅7	False	nuance
33	M	∅7	True	progress
34	M	+M7	False	bliss
35	M	+M7	True	threat
36	M	-7	False	restful
37	M	-7	True	threat
38	M	+7	False	optimism
39	M	+7	True	threat
40	M	add2	False	annoyance
41	M	add2	True	 
42	M	add4	False	annoyance
43	M	add4	True	progress
44	M	add9	False	optimism
45	M	add9	True	optimism
46	M	M79	False	bliss
47	M	M79	True	bliss
48	M	m79	False	wonder
49	M	m79	True	wonder
50	M	M911	False	annoyance
51	M	M911	True	annoyance
52	M	m911	False	wonder
53	M	m911	True	wonder
54	M	m3	False	happy
55	M	m3	True	 
56	M	M3	False	 
57	M	M3	True	 
58	M	P4	False	happy finality
59	M	P4	True	happy finality
60	M	P5	False	optimism
61	M	P5	True	optimism
62	M	P1	False	annoyance
63	M	P1	True	annoyance
64	m	M	False	wonder
65	m	M	True	wonder
66	m	m	False	 
67	m	m	True	somber
68	m	s2	False	nuance
69	m	s2	True	nuance
70	m	s4	False	wonder
71	m	s4	True	progress
72	m	+	False	optimism
73	m	+	True	optimism
74	m	-	False	threat
75	m	-	True	creepy
76	m	M7	False	 
77	m	M7	True	restful
78	m	m7	False	wonder
79	m	m7	True	progress
80	m	7	False	nuance
81	m	7	True	progress
82	m	mM7	False	annoyance
83	m	mM7	True	threat
84	m	M9	False	happy nuance
85	m	M9	True	happy nuance
86	m	m9	False	threat
87	m	m9	True	threat
88	m	M6	False	peaceful
89	m	M6	True	restful
90	m	m6	False	restful
91	m	m6	True	threat
92	m	M11	False	annoyance
93	m	M11	True	annoyance
94	m	m11	False	annoyance
95	m	m11	True	annoyance
96	m	∅7	False	dark nuance
97	m	∅7	True	dark
98	m	+M7	False	optimism
99	m	+M7	True	wonder
100	m	-7	False	restful
101	m	-7	True	foreboding
102	m	+7	False	 
103	m	+7	True	threat
104	m	add2	False	 
105	m	add2	True	 
106	m	add4	False	 
107	m	add4	True	compelling
108	m	add9	False	 
109	m	add9	True	optimism
110	m	M79	False	imperious
111	m	M79	True	 
112	m	m79	False	sad nuance
113	m	m79	True	urgent nuance
114	m	M911	False	annoyance
115	m	M911	True	annoyance
116	m	m911	False	beautiful
117	m	m911	True	intricate
118	m	m3	False	restful
119	m	m3	True	progress
120	m	M3	False	optimism
121	m	M3	True	optimism
122	m	P4	False	optimistic finality
123	m	P4	True	optimistic finality
124	m	P5	False	optimistic finality
125	m	P5	True	 
126	m	P1	False	annoyance
127	m	P1	True	annoyance
128	s2	M	False	harmonious finality
129	s2	M	True	harmonious finality
130	s2	m	False	threat
131	s2	m	True	threatening nuance
132	s2	s2	False	 
133	s2	s2	True	nuance
134	s2	s4	False	optimism
135	s2	s4	True	optimism
136	s2	+	False	growing bliss
137	s2	+	True	growing bliss
138	s2	-	False	threat
139	s2	-	True	creepy
140	s2	M7	False	blissful nuance
141	s2	M7	True	blissful nuance
142	s2	m7	False	progress
143	s2	m7	True	progress
144	s2	7	False	progress
145	s2	7	True	progress
146	s2	mM7	False	 
147	s2	mM7	True	sad nuance
148	s2	M9	False	 
149	s2	M9	True	love
150	s2	m9	False	threat
151	s2	m9	True	threat
152	s2	M6	False	love
153	s2	M6	True	happy
154	s2	m6	False	restful
155	s2	m6	True	threat
156	s2	M11	False	annoyance
157	s2	M11	True	annoyance
158	s2	m11	False	annoyance
159	s2	m11	True	annoyance
160	s2	∅7	False	nuance
161	s2	∅7	True	nuance
162	s2	+M7	False	build
163	s2	+M7	True	threat
164	s2	-7	False	restful
165	s2	-7	True	 
166	s2	+7	False	build
167	s2	+7	True	threat
168	s2	add2	False	 
169	s2	add2	True	 
170	s2	add4	False	 
171	s2	add4	True	optimism
172	s2	add9	False	annoyance
173	s2	add9	True	optimistic love
174	s2	M79	False	annoyance
175	s2	M79	True	annoyance
176	s2	m79	False	extreme nuance or confusion
177	s2	m79	True	 
178	s2	M911	False	annoyance
179	s2	M911	True	 
180	s2	m911	False	extremely nuanced optimism
181	s2	m911	True	extremely nuanced optimism
182	s2	m3	False	cohered optimism
183	s2	m3	True	optimistic finality
184	s2	M3	False	optimistic finality
185	s2	M3	True	optimistic finality
186	s2	P4	False	growing finality
187	s2	P4	True	growing finality
188	s2	P5	False	happy finality
189	s2	P5	True	happy finality
190	s2	P1	False	annoyance
191	s2	P1	True	 
192	s4	M	False	finality
193	s4	M	True	growing happy finality
194	s4	m	False	tension
195	s4	m	True	nuance
196	s4	s2	False	happy finality
197	s4	s2	True	 
198	s4	s4	False	 
199	s4	s4	True	pensive
200	s4	+	False	growing optimism
201	s4	+	True	growing optimism
202	s4	-	False	 
203	s4	-	True	threat
204	s4	M7	False	happy
205	s4	M7	True	happy
206	s4	m7	False	wonder
207	s4	m7	True	wonder
208	s4	7	False	wonder
209	s4	7	True	wonder
210	s4	mM7	False	 
211	s4	mM7	True	nuance
212	s4	M9	False	annoyance
213	s4	M9	True	growing optimism
214	s4	m9	False	growing threat
215	s4	m9	True	growing threat
216	s4	M6	False	coherence
217	s4	M6	True	restful
218	s4	m6	False	wonder
219	s4	m6	True	threat
220	s4	M11	False	annoyance
221	s4	M11	True	annoyance
222	s4	m11	False	annoyance
223	s4	m11	True	annoyance
224	s4	∅7	False	nuance
225	s4	∅7	True	progress
226	s4	+M7	False	growing threat
227	s4	+M7	True	growing threat
228	s4	-7	False	growing restful
229	s4	-7	True	growing threat
230	s4	+7	False	 
231	s4	+7	True	growing threat
232	s4	add2	False	 
233	s4	add2	True	 
234	s4	add4	False	 
235	s4	add4	True	growing coherence
236	s4	add9	False	 
237	s4	add9	True	 
238	s4	M79	False	bliss
239	s4	M79	True	love
240	s4	m79	False	blissful wonder
241	s4	m79	True	 
242	s4	M911	False	annoyance
243	s4	M911	True	annoyance
244	s4	m911	False	 
245	s4	m911	True	 
246	s4	m3	False	optimistic finality
247	s4	m3	True	optimistic finality
248	s4	M3	False	growing happy finality
249	s4	M3	True	growing happy finality
250	s4	P4	False	growing happy finality
251	s4	P4	True	growing happy finlaity
252	s4	P5	False	happy finality
253	s4	P5	True	happy finality
254	s4	P1	False	annoyance
255	s4	P1	True	annoyance
256	+	M	False	 
257	+	M	True	threatening wonder
258	+	m	False	threat
259	+	m	True	threat
260	+	s2	False	 
261	+	s2	True	threatening wonder
262	+	s4	False	 
263	+	s4	True	ominous wonder
264	+	+	False	 
265	+	+	True	annoyance
266	+	-	False	 
267	+	-	True	 
268	+	M7	False	 
269	+	M7	True	 
270	+	m7	False	progress
271	+	m7	True	progress
272	+	7	False	progress
273	+	7	True	progress
274	+	mM7	False	threat
275	+	mM7	True	ominous
276	+	M9	False	growing optimism
277	+	M9	True	 
278	+	m9	False	growing threat
279	+	m9	True	growing threat
280	+	M6	False	growing calm
281	+	M6	True	 
282	+	m6	False	 
283	+	m6	True	growing threat
284	+	M11	False	annoyance
285	+	M11	True	annoyance
286	+	m11	False	annoyance
287	+	m11	True	annoyance
288	+	∅7	False	nuance
289	+	∅7	True	nuance
290	+	+M7	False	 
291	+	+M7	True	 
292	+	-7	False	growing coherence
293	+	-7	True	growing threat
294	+	+7	False	 
295	+	+7	True	growing threat
296	+	add2	False	 
297	+	add2	True	 
298	+	add4	False	 
299	+	add4	True	progress
300	+	add9	False	 
301	+	add9	True	growing bliss
302	+	M79	False	bliss
303	+	M79	True	bliss
304	+	m79	False	blissful wonder
305	+	m79	True	blissful wonder
306	+	M911	False	annoyance
307	+	M911	True	 
308	+	m911	False	growing wonder
309	+	m911	True	growing wonder
310	+	m3	False	growing wonderous finality
311	+	m3	True	mysteriously wonderous finality
312	+	M3	False	growing wonderous finality
313	+	M3	True	growing wonderous finality
314	+	P4	False	growing wonderous finality
315	+	P4	True	growing wonderous finality
316	+	P5	False	growing blissful wonderous finality
317	+	P5	True	growing blissful wonderous finality
318	+	P1	False	growing blissful wonderous finality
319	+	P1	True	 
320	-	M	False	comedic finality
321	-	M	True	ominous wonder
322	-	m	False	ominous wonder
323	-	m	True	ominous wonder
324	-	s2	False	 
325	-	s2	True	nuance
326	-	s4	False	 
327	-	s4	True	progress
328	-	+	False	 
329	-	+	True	wonderous growing ominous
330	-	-	False	 
331	-	-	True	ominous
332	-	M7	False	 
333	-	M7	True	restful
334	-	m7	False	 
335	-	m7	True	 
336	-	7	False	 
337	-	7	True	progress
338	-	mM7	False	annoyance
339	-	mM7	True	 
340	-	M9	False	 
341	-	M9	True	 
342	-	m9	False	growing threat
343	-	m9	True	growing threat
344	-	M6	False	growing restful
345	-	M6	True	 
346	-	m6	False	growing restful
347	-	m6	True	growing ominous
348	-	M11	False	annoyance
349	-	M11	True	annoyance
350	-	m11	False	annoyance
351	-	m11	True	annoyance
352	-	∅7	False	 
353	-	∅7	True	progress
354	-	+M7	False	 
355	-	+M7	True	growing threat
356	-	-7	False	growing resolution
357	-	-7	True	 
358	-	+7	False	 
359	-	+7	True	 
360	-	add2	False	 
361	-	add2	True	 
362	-	add4	False	sudden resolution
363	-	add4	True	growing optimism
364	-	add9	False	 
365	-	add9	True	 
366	-	M79	False	confused terror
367	-	M79	True	confused terror
368	-	m79	False	confused despair
369	-	m79	True	confused desperation
370	-	M911	False	annoyance
371	-	M911	True	annoyance
372	-	m911	False	nuanced progress
373	-	m911	True	 
374	-	m3	False	confused optimistic resolution
375	-	m3	True	confused optimistic resolution
376	-	M3	False	confused optimistic resolution
377	-	M3	True	confused optimistic resolution
378	-	P4	False	confused optimistic finality
379	-	P4	True	confused optimistic finality
380	-	P5	False	confused optimistic finality
381	-	P5	True	confused optimistic finality
382	-	P1	False	confused optimistic finality
383	-	P1	True	confused optimistic finality
384	M7	M	False	growing optimistic coherence
385	M7	M	True	growing optimistic coherence
386	M7	m	False	growing finality
387	M7	m	True	growing finality
388	M7	s2	False	growing nuanced finality
389	M7	s2	True	growing nuanced finality
390	M7	s4	False	growing optimistic finality
391	M7	s4	True	growing optimistic finality
392	M7	+	False	growing blissful finality
393	M7	+	True	growing blissful finality
394	M7	-	False	growing restful finality
395	M7	-	True	growing restful finality
396	M7	M7	False	 
397	M7	M7	True	 
398	M7	m7	False	confused threat or wonder
399	M7	m7	True	confused threat or wonder
400	M7	7	False	growing threat
401	M7	7	True	progress
402	M7	mM7	False	 
403	M7	mM7	True	 
404	M7	M9	False	solace
405	M7	M9	True	solace
406	M7	m9	False	sudden threat
407	M7	m9	True	sudden threat
408	M7	M6	False	growing restful
409	M7	M6	True	comfortable
410	M7	m6	False	growing resolution
411	M7	m6	True	growing threat
412	M7	M11	False	 
413	M7	M11	True	annoyance
414	M7	m11	False	annoyance
415	M7	m11	True	annoyance
416	M7	∅7	False	growing threat
417	M7	∅7	True	growing threat
418	M7	+M7	False	growing optimism
419	M7	+M7	True	 
420	M7	-7	False	growing restful
421	M7	-7	True	 
422	M7	+7	False	growing anticipation
423	M7	+7	True	 
424	M7	add2	False	 
425	M7	add2	True	 
426	M7	add4	False	sudden coherence
427	M7	add4	True	sudden optimism
428	M7	add9	False	 
429	M7	add9	True	 
430	M7	M79	False	 
431	M7	M79	True	growing confused optimism
432	M7	m79	False	growing optimism
433	M7	m79	True	growing optimims
434	M7	M911	False	annoyance
435	M7	M911	True	confused wonder
436	M7	m911	False	bewildered wonder
437	M7	m911	True	 
438	M7	m3	False	growing coherent wonder
439	M7	m3	True	growing threatening wonder
440	M7	M3	False	sudden coherence
441	M7	M3	True	sudden coherence
442	M7	P4	False	sudden finality
443	M7	P4	True	sudden coherent finality
444	M7	P5	False	suddent optimistic finality
445	M7	P5	True	sudden optimistic finality
446	M7	P1	False	sudden blissful finality
447	M7	P1	True	 
448	m7	M	False	sudden optimistic finality
449	m7	M	True	sudden optimistic finality
450	m7	m	False	sudden optimistic finality
451	m7	m	True	sudden optimistic finality
452	m7	s2	False	sudden wonderous finality
453	m7	s2	True	sudden wonderous finality
454	m7	s4	False	sudden wonderous finality
455	m7	s4	True	sudden wonderous finality
456	m7	+	False	sudden growing finality
457	m7	+	True	sudden growing finality
458	m7	-	False	sudden nuanced optimistic finality
459	m7	-	True	sudden nuanced optimistic finality
460	m7	M7	False	 
461	m7	M7	True	 
462	m7	m7	False	 
463	m7	m7	True	nuance
464	m7	7	False	coherence
465	m7	7	True	 
466	m7	mM7	False	annoyance
467	m7	mM7	True	nuanced growing threat
468	m7	M9	False	 
469	m7	M9	True	 
470	m7	m9	False	sudden wrongness
471	m7	m9	True	sudden wrongness
472	m7	M6	False	sudden resolution
473	m7	M6	True	 
474	m7	m6	False	sudden despair
475	m7	m6	True	sudden despair
476	m7	M11	False	annoyance
477	m7	M11	True	annoyance
478	m7	m11	False	annoyance
479	m7	m11	True	annoyance
480	m7	∅7	False	growing despair
481	m7	∅7	True	 
482	m7	+M7	False	 
483	m7	+M7	True	growing mystery
484	m7	-7	False	 
485	m7	-7	True	growing mystery
486	m7	+7	False	 
487	m7	+7	True	growing mystery
488	m7	add2	False	sudden coherence
489	m7	add2	True	sudden coherence
490	m7	add4	False	 
491	m7	add4	True	 
492	m7	add9	False	 
493	m7	add9	True	 
494	m7	M79	False	 
495	m7	M79	True	 
496	m7	m79	False	 
497	m7	m79	True	confused growing optimism
498	m7	M911	False	annoyance
499	m7	M911	True	annoyance
500	m7	m911	False	annoyance
501	m7	m911	True	confused growing optimism
502	m7	m3	False	sudden optimistic coherence
503	m7	m3	True	sudden optimistic coherence
504	m7	M3	False	sudden optimistic resolution
505	m7	M3	True	sudden optimistic resolution
506	m7	P4	False	sudden blissful resolution
507	m7	P4	True	sudden blissful resolution
508	m7	P5	False	sudden blissful finality
509	m7	P5	True	sudden blissful finality
510	m7	P1	False	sudden blissful finality
511	m7	P1	True	sudden blissful finality
512	7	M	False	sudden blissful resolution
513	7	M	True	sudden blissful resolution
514	7	m	False	sudden bittersweet resolution
515	7	m	True	sudden bittersweet resolution
516	7	s2	False	sudden nuanced bittersweet resolution
517	7	s2	True	sudden nuanced bittersweet resolution
518	7	s4	False	sudden blissful resolution
519	7	s4	True	sudden blissful resolution
520	7	+	False	sudden blissful finality
521	7	+	True	sudden wonderous blissful resolution
522	7	-	False	sudden nuanced blissful resolution
523	7	-	True	sudden nuanced blissful resolution
524	7	M7	False	 
525	7	M7	True	wonder
526	7	m7	False	 
527	7	m7	True	 
528	7	7	False	 
529	7	7	True	 
530	7	mM7	False	confused horror
531	7	mM7	True	creepy mystery
532	7	M9	False	sudden bliss
533	7	M9	True	sudden bliss
534	7	m9	False	sudden threat
535	7	m9	True	sudden threat
536	7	M6	False	 
537	7	M6	True	suddenly ominous
538	7	m6	False	sudden coherence
539	7	m6	True	ominous
540	7	M11	False	annoyance
541	7	M11	True	annoyance
542	7	m11	False	annoyance
543	7	m11	True	annoyance
544	7	∅7	False	 
545	7	∅7	True	 
546	7	+M7	False	 
547	7	+M7	True	growing mystery
548	7	-7	False	 
549	7	-7	True	growing creepy mystery
550	7	+7	False	 
551	7	+7	True	growing mystery
552	7	add2	False	 
553	7	add2	True	 
554	7	add4	False	 
555	7	add4	True	 
556	7	add9	False	 
557	7	add9	True	 
558	7	M79	False	annoyance
559	7	M79	True	confused wonder
560	7	m79	False	sudden confused resolution
561	7	m79	True	sudden confused optimistic resolution
562	7	M911	False	annoyance
563	7	M911	True	annoyance
564	7	m911	False	nuanced resolution
565	7	m911	True	nuanced resolution
566	7	m3	False	confused resolution
567	7	m3	True	confused resolution
568	7	M3	False	confused blissful resolution
569	7	M3	True	confused blissful resolution
570	7	P4	False	confused blissful resolution
571	7	P4	True	confused blissful resolution
572	7	P5	False	confused blissful finality
573	7	P5	True	confused blissful finality
574	7	P1	False	confused blissful finality
575	7	P1	True	confused blissful finality
576	mM7	M	False	optimistic blissful finality
577	mM7	M	True	optimistic blissful finality
578	mM7	m	False	confused optimistic finality
579	mM7	m	True	nuanced optimistic finality
580	mM7	s2	False	confused optimistic finality
581	mM7	s2	True	mysterious optimistic finality
582	mM7	s4	False	mysterious optimistic finality
583	mM7	s4	True	mysterious optimistic finality
584	mM7	+	False	mysterious optimistic finality
585	mM7	+	True	mysterious optimistic finality
586	mM7	-	False	 
587	mM7	-	True	 
588	mM7	M7	False	 
589	mM7	M7	True	 
590	mM7	m7	False	 
591	mM7	m7	True	creepy mystery
592	mM7	7	False	 
593	mM7	7	True	creepy mystery
594	mM7	mM7	False	 
595	mM7	mM7	True	 
596	mM7	M9	False	confused optimism
597	mM7	M9	True	 
598	mM7	m9	False	confused terror
599	mM7	m9	True	confused horror
600	mM7	M6	False	 
601	mM7	M6	True	 
602	mM7	m6	False	sudden coherent despair
603	mM7	m6	True	creepy mystery
604	mM7	M11	False	annoyance
605	mM7	M11	True	annoyance
606	mM7	m11	False	annoyance
607	mM7	m11	True	annoyance
608	mM7	∅7	False	 
609	mM7	∅7	True	ominous mystery
610	mM7	+M7	False	 
611	mM7	+M7	True	 
612	mM7	-7	False	 
613	mM7	-7	True	 
614	mM7	+7	False	 
615	mM7	+7	True	 
616	mM7	add2	False	sudden coherence
617	mM7	add2	True	 
618	mM7	add4	False	sudden coherence
619	mM7	add4	True	sudden coherence
620	mM7	add9	False	 
621	mM7	add9	True	 
622	mM7	M79	False	annoyance
623	mM7	M79	True	beautiful nuance
624	mM7	m79	False	annoyance
625	mM7	m79	True	beautiful bittersweet nuance
626	mM7	M911	False	annoyance
627	mM7	M911	True	annoyance
628	mM7	m911	False	annoyance
629	mM7	m911	True	beautiful nuance
630	mM7	m3	False	annoyance
631	mM7	m3	True	beautiful mysterious nuance
632	mM7	M3	False	confused finality
633	mM7	M3	True	beautiful confused finality
634	mM7	P4	False	confused blissful finality
635	mM7	P4	True	beautiful mysterious finality
636	mM7	P5	False	beautiful blissful finality
637	mM7	P5	True	beautiful blissful finality
638	mM7	P1	False	beautiful blissful finality
639	mM7	P1	True	beautiful blissful finality
640	M9	M	False	sudden beautiful coherence
641	M9	M	True	sudden beautiful coherence
642	M9	m	False	sudden bittersweet coherence
643	M9	m	True	sudden bittersweet coherence
644	M9	s2	False	sudden bittersweet resolution
645	M9	s2	True	sudden bittersweet resolution
646	M9	s4	False	beautiful sudden resolution
647	M9	s4	True	beautiful sudden resolution
648	M9	+	False	confused build
649	M9	+	True	confused mysterious build
650	M9	-	False	confused mysterious resolution
651	M9	-	True	confused mysterious resolution
652	M9	M7	False	 
653	M9	M7	True	 
654	M9	m7	False	 
655	M9	m7	True	beautiful nuance
656	M9	7	False	 
657	M9	7	True	beautiful sorrow
658	M9	mM7	False	confused terror
659	M9	mM7	True	beautiful creepy mystery
660	M9	M9	False	 
661	M9	M9	True	 
662	M9	m9	False	confused terror
663	M9	m9	True	annoyance
664	M9	M6	False	 
665	M9	M6	True	 
666	M9	m6	False	sudden despair
667	M9	m6	True	sudden creepy mystery
668	M9	M11	False	annoyance
669	M9	M11	True	annoyance
670	M9	m11	False	growing confusion
671	M9	m11	True	growing confusion
672	M9	∅7	False	 
673	M9	∅7	True	beautiful mystery
674	M9	+M7	False	annoyance
675	M9	+M7	True	mysterious
676	M9	-7	False	 
677	M9	-7	True	 
678	M9	+7	False	 
679	M9	+7	True	 
680	M9	add2	False	 
681	M9	add2	True	 
682	M9	add4	False	 
683	M9	add4	True	 
684	M9	add9	False	 
685	M9	add9	True	 
686	M9	M79	False	annoyance
687	M9	M79	True	annoyance
688	M9	m79	False	annoyance
689	M9	m79	True	annoyance
690	M9	M911	False	annoyance
691	M9	M911	True	annoyance
692	M9	m911	False	annoyance
693	M9	m911	True	beautiful confusion
694	M9	m3	False	annoyance
695	M9	m3	True	annoyance
696	M9	M3	False	resolution
697	M9	M3	True	resolution
698	M9	P4	False	finality
699	M9	P4	True	beautiful finality
700	M9	P5	False	beautiful finality
701	M9	P5	True	beautiful finality
702	M9	P1	False	confused finality
703	M9	P1	True	beautiful finality
704	m9	M	False	 
705	m9	M	True	ominous mystery
706	m9	m	False	 
707	m9	m	True	ominous mystery
708	m9	s2	False	 
709	m9	s2	True	ominous mystery
710	m9	s4	False	nuanced ominous mystery
711	m9	s4	True	ominous mystery
712	m9	+	False	 
713	m9	+	True	ominous
714	m9	-	False	 
715	m9	-	True	ominous mysterious threat
716	m9	M7	False	 
717	m9	M7	True	 
718	m9	m7	False	 
719	m9	m7	True	 
720	m9	7	False	 
721	m9	7	True	 
722	m9	mM7	False	annoyance
723	m9	mM7	True	annoyance
724	m9	M9	False	annoyance
725	m9	M9	True	annoyance
726	m9	m9	False	 
727	m9	m9	True	annoyance
728	m9	M6	False	annoyance
729	m9	M6	True	annoyance confusion
730	m9	m6	False	growing coherence
731	m9	m6	True	growing coherent mystery
732	m9	M11	False	annoyance
733	m9	M11	True	annoyance
734	m9	m11	False	annoyance
735	m9	m11	True	annoyance
736	m9	∅7	False	annoyance
737	m9	∅7	True	annoyance
738	m9	+M7	False	annoyance
739	m9	+M7	True	annoyance
740	m9	-7	False	annoyance
741	m9	-7	True	annoyance
742	m9	+7	False	annoyance
743	m9	+7	True	annoyance
744	m9	add2	False	annoyance
745	m9	add2	True	annoyance confusion
746	m9	add4	False	 
747	m9	add4	True	 
748	m9	add9	False	annoyance
749	m9	add9	True	annoyance
750	m9	M79	False	god damn annoyance
751	m9	M79	True	annoyance
752	m9	m79	False	dog gamn annoyance
753	m9	m79	True	annoyance
754	m9	M911	False	fucking annoyance
755	m9	M911	True	still annoyance
756	m9	m911	False	miserably annoyance
757	m9	m911	True	complex
758	m9	m3	False	annoyance
759	m9	m3	True	complex
760	m9	M3	False	annoyance
761	m9	M3	True	annoyance finality
762	m9	P4	False	annoyance
763	m9	P4	True	complex resolution
764	m9	P5	False	annoyance finality
765	m9	P5	True	complex resolution
766	m9	P1	False	complex finality
767	m9	P1	True	complex finality
768	M6	M	False	coherence
769	M6	M	True	growing coherence
770	M6	m	False	growing coherence
771	M6	m	True	growing coherence
772	M6	s2	False	growing coherence
773	M6	s2	True	growing coherence
774	M6	s4	False	growing optimistic coherence
775	M6	s4	True	growing optimistic coherence
776	M6	+	False	 
777	M6	+	True	complex tension
778	M6	-	False	complex resolution
779	M6	-	True	complex resolution
780	M6	M7	False	annoyance
781	M6	M7	True	 
782	M6	m7	False	 
783	M6	m7	True	nuance
784	M6	7	False	annoyance
785	M6	7	True	nuanced anticipation
786	M6	mM7	False	 
787	M6	mM7	True	 
788	M6	M9	False	annoyance
789	M6	M9	True	 
790	M6	m9	False	annoyance
791	M6	m9	True	annoyance
792	M6	M6	False	 
793	M6	M6	True	 
794	M6	m6	False	apprehension
795	M6	m6	True	ominous
796	M6	M11	False	annoyance
797	M6	M11	True	annoyance
798	M6	m11	False	annoyance
799	M6	m11	True	annoyance
800	M6	∅7	False	annoyance
801	M6	∅7	True	compelling mystery
802	M6	+M7	False	annoyance
803	M6	+M7	True	compelling mystery
804	M6	-7	False	annoyance
805	M6	-7	True	annoyance
806	M6	+7	False	annoyance
807	M6	+7	True	annoyance
808	M6	add2	False	 
809	M6	add2	True	 
810	M6	add4	False	 
811	M6	add4	True	beautiful resolution
812	M6	add9	False	annoyance
813	M6	add9	True	annoyance
814	M6	M79	False	annoyance
815	M6	M79	True	complex beauty
816	M6	m79	False	annoying
817	M6	m79	True	complex beauty
818	M6	M911	False	annoyance
819	M6	M911	True	annoyance
820	M6	m911	False	annoyance
821	M6	m911	True	complex beauty
822	M6	m3	False	annoyance
823	M6	m3	True	complex beauty
824	M6	M3	False	annoyance
825	M6	M3	True	complex beauty
826	M6	P4	False	annoyance
827	M6	P4	True	complex beauty
828	M6	P5	False	annoyance
829	M6	P5	True	complex beauty
830	M6	P1	False	annoyance
831	M6	P1	True	complex beauty
832	m6	M	False	complex beauty
833	m6	M	True	mysterious beauty
834	m6	m	False	complex resolution
835	m6	m	True	mysterious resolution
836	m6	s2	False	complex resolution
837	m6	s2	True	mysterious resolution
838	m6	s4	False	complex imperious resolution
839	m6	s4	True	complex imperious resolution
840	m6	+	False	 
841	m6	+	True	 
842	m6	-	False	annoyance
843	m6	-	True	sudden mysterious resolution
844	m6	M7	False	revelation
845	m6	M7	True	mystery
846	m6	m7	False	 
847	m6	m7	True	mysterious progress
848	m6	7	False	 
849	m6	7	True	threatening progress
850	m6	mM7	False	 
851	m6	mM7	True	creepy
852	m6	M9	False	 
853	m6	M9	True	 
854	m6	m9	False	 
855	m6	m9	True	 
856	m6	M6	False	 
857	m6	M6	True	 
858	m6	m6	False	 
859	m6	m6	True	 
860	m6	M11	False	annoyance
861	m6	M11	True	annoyance
862	m6	m11	False	annoyance
863	m6	m11	True	annoyance
864	m6	∅7	False	 
865	m6	∅7	True	moody mysterious progress
866	m6	+M7	False	 
867	m6	+M7	True	mysterious progress
868	m6	-7	False	 
869	m6	-7	True	 
870	m6	+7	False	 
871	m6	+7	True	 
872	m6	add2	False	relief
873	m6	add2	True	relief
874	m6	add4	False	resolution
875	m6	add4	True	progress
876	m6	add9	False	 
877	m6	add9	True	 
878	m6	M79	False	 
879	m6	M79	True	 
880	m6	m79	False	 
881	m6	m79	True	 
882	m6	M911	False	 
883	m6	M911	True	 
884	m6	m911	False	progressive resolution
885	m6	m911	True	progressive resolution
886	m6	m3	False	 
887	m6	m3	True	threatening simplification
888	m6	M3	False	wonderous resolution
889	m6	M3	True	wonderous resolution
890	m6	P4	False	wonderous resolution
891	m6	P4	True	wonderous resolution
892	m6	P5	False	wonderous finality
893	m6	P5	True	wonderous mysterious finality
894	m6	P1	False	wonderous mysterious finality
895	m6	P1	True	wonderous mysterious finality
896	M11	M	False	finality and resolution
897	M11	M	True	resolution
898	M11	m	False	resolution
899	M11	m	True	resolution
900	M11	s2	False	nuanced resolution
901	M11	s2	True	nuanced resolution
902	M11	s4	False	harmonious resolution
903	M11	s4	True	harmonious resolution
904	M11	+	False	growing anticipation
905	M11	+	True	anticipation
906	M11	-	False	disappointment
907	M11	-	True	ominous disappointment
908	M11	M7	False	 
909	M11	M7	True	disappointment
910	M11	m7	False	disappointed resolution
911	M11	m7	True	disappointed resolution
912	M11	7	False	disappointed resolution
913	M11	7	True	disappointed resolution
914	M11	mM7	False	ominous resolution
915	M11	mM7	True	ominous resolution
916	M11	M9	False	 
917	M11	M9	True	ambiguity
918	M11	m9	False	disappointed apprehension
919	M11	m9	True	growing apprehension
920	M11	M6	False	disappointed apprehension
921	M11	M6	True	 
922	M11	m6	False	resolution
923	M11	m6	True	ominous resolution
924	M11	M11	False	annoyance
925	M11	M11	True	annoyance
926	M11	m11	False	confused fear
927	M11	m11	True	confused fear
928	M11	∅7	False	disappointed resolution
929	M11	∅7	True	disappointed resolution
930	M11	+M7	False	growing confusion
931	M11	+M7	True	growing confusion
932	M11	-7	False	disappointed resolution
933	M11	-7	True	disappointed resolution
934	M11	+7	False	 
935	M11	+7	True	 
936	M11	add2	False	sudden relieved resolution
937	M11	add2	True	sudden relieved resolution
938	M11	add4	False	sudden harmonious resolution
939	M11	add4	True	sudden harmonious progress
940	M11	add9	False	 
941	M11	add9	True	sustained confusion
942	M11	M79	False	confused harmony
943	M11	M79	True	beautiful confused harmony
944	M11	m79	False	beautiful confused harmony
945	M11	m79	True	beautiful confused harmony
946	M11	M911	False	confusion
947	M11	M911	True	 
948	M11	m911	False	sustained confusion
949	M11	m911	True	beautiful confused harmony
950	M11	m3	False	sudden mournful resolution
951	M11	m3	True	sudden mournful resolution
952	M11	M3	False	sudden resolution
953	M11	M3	True	sudden confused resolution
954	M11	P4	False	confused resolution
955	M11	P4	True	confused progress
956	M11	P5	False	confused finality
957	M11	P5	True	beautiful confused finality
958	M11	P1	False	confused finality
959	M11	P1	True	confused finality
960	m11	M	False	resolution
961	m11	M	True	resolution
962	m11	m	False	confused resolution
963	m11	m	True	confused mournful resolution
964	m11	s2	False	confused resolution
965	m11	s2	True	confused resolution
966	m11	s4	False	wonderous confused resolution
967	m11	s4	True	wonderous confused resolution
968	m11	+	False	growing anticipation
969	m11	+	True	growing anticipation
970	m11	-	False	growing disappointment
971	m11	-	True	ominous growing disappointment
972	m11	M7	False	 
973	m11	M7	True	 
974	m11	m7	False	confused mournful resolution
975	m11	m7	True	confused mournful resolution
976	m11	7	False	confused resolution
977	m11	7	True	confused resolution
978	m11	mM7	False	 
979	m11	mM7	True	 
980	m11	M9	False	beautiful harmonious resolution
981	m11	M9	True	harmonious resolution
982	m11	m9	False	disappointed resolution
983	m11	m9	True	apprehensive resolution
984	m11	M6	False	 
985	m11	M6	True	 
986	m11	m6	False	confused mournful resolution
987	m11	m6	True	confused mournful resolution
988	m11	M11	False	growing confused apprehension
989	m11	M11	True	growing confused apprehension
990	m11	m11	False	 
991	m11	m11	True	 
992	m11	∅7	False	apprehension
993	m11	∅7	True	ominous apprehension
994	m11	+M7	False	growing apprehension
995	m11	+M7	True	growing apprehension
996	m11	-7	False	diminishing apprehension
997	m11	-7	True	diminishing apprehension
998	m11	+7	False	growing apprehension
999	m11	+7	True	growing apprehension
1000	m11	add2	False	sudden resolution
1001	m11	add2	True	sudden resolution
1002	m11	add4	False	sudden resolution
1003	m11	add4	True	sudden progressive resolution
1004	m11	add9	False	sudden harmonious resolution
1005	m11	add9	True	sudden harmonious resolution
1006	m11	M79	False	beautiful harmonious resolution
1007	m11	M79	True	confused harmony
1008	m11	m79	False	beautiful harmonious resolution
1009	m11	m79	True	beautiful harmonious resolution
1010	m11	M911	False	annoyance
1011	m11	M911	True	annoyance
1012	m11	m911	False	sustained annoyance
1013	m11	m911	True	sustained annoyance
1014	m11	m3	False	sudden despairing resolution
1015	m11	m3	True	despairing resolution
1016	m11	M3	False	sudden harmonious resolution
1017	m11	M3	True	sudden mysterious wonderous harmonious resolution
1018	m11	P4	False	sudden harmonious resolution
1019	m11	P4	True	 
1020	m11	P5	False	sudden harmonious resolution
1021	m11	P5	True	sudden harmonious resolution
1022	m11	P1	False	sudden finality
1023	m11	P1	True	sudden finality
1024	∅7	M	False	harmonious resolution
1025	∅7	M	True	progressive resolution
1026	∅7	m	False	progressive resolution
1027	∅7	m	True	progressive resolution
1028	∅7	s2	False	progressive resolution
1029	∅7	s2	True	optimistic progressive resolution
1030	∅7	s4	False	beautiful harmonious resolution
1031	∅7	s4	True	beautiful progressive resolution
1032	∅7	+	False	confused resolution
1033	∅7	+	True	mysterious resolution
1034	∅7	-	False	 
1035	∅7	-	True	mysterious resolution
1036	∅7	M7	False	 
1037	∅7	M7	True	 
1038	∅7	m7	False	 
1039	∅7	m7	True	 
1040	∅7	7	False	mild resolution
1041	∅7	7	True	 
1042	∅7	mM7	False	growing apprehension
1043	∅7	mM7	True	growing apprehension
1044	∅7	M9	False	 
1045	∅7	M9	True	 
1046	∅7	m9	False	 
1047	∅7	m9	True	apprehension
1048	∅7	M6	False	 
1049	∅7	M6	True	 
1050	∅7	m6	False	apprehensive resolution
1051	∅7	m6	True	ominous resolution
1052	∅7	M11	False	annoyance
1053	∅7	M11	True	annoyance
1054	∅7	m11	False	annoyance
1055	∅7	m11	True	annoyance
1056	∅7	∅7	False	 
1057	∅7	∅7	True	 
1058	∅7	+M7	False	 
1059	∅7	+M7	True	ominous
1060	∅7	-7	False	ominous resolution
1061	∅7	-7	True	ominous resolution
1062	∅7	+7	False	 
1063	∅7	+7	True	growing apprehension
1064	∅7	add2	False	sudden peaceful resolution
1065	∅7	add2	True	sudden peacful resolution
1066	∅7	add4	False	sudden resolution
1067	∅7	add4	True	sudden progressive resolution
1068	∅7	add9	False	 
1069	∅7	add9	True	 
1070	∅7	M79	False	 
1071	∅7	M79	True	 
1072	∅7	m79	False	annoyance
1073	∅7	m79	True	beautiful confused wonder
1074	∅7	M911	False	annoyance
1075	∅7	M911	True	 
1076	∅7	m911	False	 
1077	∅7	m911	True	 
1078	∅7	m3	False	 
1079	∅7	m3	True	 
1080	∅7	M3	False	 
1081	∅7	M3	True	 
1082	∅7	P4	False	 
1083	∅7	P4	True	mysterious
1084	∅7	P5	False	 
1085	∅7	P5	True	mysterious finality
1086	∅7	P1	False	mysterious finality
1087	∅7	P1	True	 
1088	+M7	M	False	 
1089	+M7	M	True	 
1090	+M7	m	False	scary finality
1091	+M7	m	True	creepy finality
1092	+M7	s2	False	resolution
1093	+M7	s2	True	nuanced resolution
1094	+M7	s4	False	harmonious resolution
1095	+M7	s4	True	harmonious resolution
1096	+M7	+	False	 
1097	+M7	+	True	 
1098	+M7	-	False	 
1099	+M7	-	True	 
1100	+M7	M7	False	 
1101	+M7	M7	True	 
1102	+M7	m7	False	growing despair
1103	+M7	m7	True	growing sorrow
1104	+M7	7	False	growing sorrow
1105	+M7	7	True	ominous
1106	+M7	mM7	False	horrific despair
1107	+M7	mM7	True	 
1108	+M7	M9	False	 
1109	+M7	M9	True	 
1110	+M7	m9	False	apprehension
1111	+M7	m9	True	horror
1112	+M7	M6	False	relief
1113	+M7	M6	True	 
1114	+M7	m6	False	apprehensive coherence
1115	+M7	m6	True	creepy
1116	+M7	M11	False	 
1117	+M7	M11	True	annoyance
1118	+M7	m11	False	annoyance
1119	+M7	m11	True	annoyance
1120	+M7	∅7	False	growing despair
1121	+M7	∅7	True	creepy
1122	+M7	+M7	False	 
1123	+M7	+M7	True	 
1124	+M7	-7	False	growing despair
1125	+M7	-7	True	growing sorrow
1126	+M7	+7	False	 
1127	+M7	+7	True	 
1128	+M7	add2	False	sudden resolution
1129	+M7	add2	True	sudden resolution
1130	+M7	add4	False	sudden relief
1131	+M7	add4	True	progress
1132	+M7	add9	False	 
1133	+M7	add9	True	 
1134	+M7	M79	False	annoyance
1135	+M7	M79	True	beautiful ambivalence
1136	+M7	m79	False	despair
1137	+M7	m79	True	beautiful apprehension
1138	+M7	M911	False	annoyance
1139	+M7	M911	True	annoyance
1140	+M7	m911	False	annoyance
1141	+M7	m911	True	 
1142	+M7	m3	False	annoyance
1143	+M7	m3	True	sudden resolution
1144	+M7	M3	False	sudden resolution
1145	+M7	M3	True	sudden resolution
1146	+M7	P4	False	growing apprehension
1147	+M7	P4	True	progress
1148	+M7	P5	False	apprehensive finality
1149	+M7	P5	True	apprehensive finality
1150	+M7	P1	False	apprehensive finality
1151	+M7	P1	True	apprehensive finality
1152	-7	M	False	resolution
1153	-7	M	True	resolution
1154	-7	m	False	nuanced resolution
1155	-7	m	True	resolution
1156	-7	s2	False	nuanced resolution
1157	-7	s2	True	nuanced resolution
1158	-7	s4	False	confused resolution
1159	-7	s4	True	confused resolution
1160	-7	+	False	growing apprehensive and false resolution
1161	-7	+	True	growing apprehension and false resolution
1162	-7	-	False	resolution
1163	-7	-	True	resolution
1164	-7	M7	False	growing relief
1165	-7	M7	True	growing relief
1166	-7	m7	False	growing disappointment
1167	-7	m7	True	growing disappointment
1168	-7	7	False	growing disappointment
1169	-7	7	True	growing sorrow
1170	-7	mM7	False	 
1171	-7	mM7	True	 
1172	-7	M9	False	 
1173	-7	M9	True	 
1174	-7	m9	False	growing horror
1175	-7	m9	True	growing horror
1176	-7	M6	False	growing relief
1177	-7	M6	True	 
1178	-7	m6	False	 
1179	-7	m6	True	growing ominous
1180	-7	M11	False	annoyance
1181	-7	M11	True	annoyance
1182	-7	m11	False	annoyance
1183	-7	m11	True	annoyance
1184	-7	∅7	False	growing apprehension
1185	-7	∅7	True	growing foreboding
1186	-7	+M7	False	 
1187	-7	+M7	True	complex mystery
1188	-7	-7	False	 
1189	-7	-7	True	foreboding
1190	-7	+7	False	growing apprehension
1191	-7	+7	True	growing mystery
1192	-7	add2	False	sudden relief
1193	-7	add2	True	 
1194	-7	add4	False	sudden clarity
1195	-7	add4	True	progress
1196	-7	add9	False	 
1197	-7	add9	True	 
1198	-7	M79	False	growing apprehension
1199	-7	M79	True	growing mystery
1200	-7	m79	False	annoyance
1201	-7	m79	True	growing mystery
1202	-7	M911	False	annoyance
1203	-7	M911	True	annoyance
1204	-7	m911	False	annoyance
1205	-7	m911	True	intrigue
1206	-7	m3	False	 
1207	-7	m3	True	 
1208	-7	M3	False	sudden resolution
1209	-7	M3	True	sudden resolution
1210	-7	P4	False	epiphany
1211	-7	P4	True	epiphany
1212	-7	P5	False	epiphany
1213	-7	P5	True	epiphany
1214	-7	P1	False	finality
1215	-7	P1	True	finality
1216	+7	M	False	resolution
1217	+7	M	True	resolution
1218	+7	m	False	apprehensive resolution
1219	+7	m	True	apprehensive resolution
1220	+7	s2	False	resolution
1221	+7	s2	True	nuanced resolution
1222	+7	s4	False	growing complexity
1223	+7	s4	True	progress
1224	+7	+	False	growing 
1225	+7	+	True	progress
1226	+7	-	False	growing apprehension
1227	+7	-	True	intricate resolution
1228	+7	M7	False	 
1229	+7	M7	True	 
1230	+7	m7	False	growing despair
1231	+7	m7	True	growing despair
1232	+7	7	False	growing apprehension
1233	+7	7	True	growing apprehension
1234	+7	mM7	False	 
1235	+7	mM7	True	 
1236	+7	M9	False	 
1237	+7	M9	True	 
1238	+7	m9	False	growing horror
1239	+7	m9	True	growing horror
1240	+7	M6	False	growing relief
1241	+7	M6	True	growing relief
1242	+7	m6	False	nuanced relief
1243	+7	m6	True	nuanced relief
1244	+7	M11	False	annoyance
1245	+7	M11	True	annoyance
1246	+7	m11	False	growing complexity
1247	+7	m11	True	growing complexity
1248	+7	∅7	False	growing disappointment
1249	+7	∅7	True	growing disappointment
1250	+7	+M7	False	 
1251	+7	+M7	True	 
1252	+7	-7	False	growing disappointment
1253	+7	-7	True	growing disappointment
1254	+7	+7	False	 
1255	+7	+7	True	 
1256	+7	add2	False	sudden relief
1257	+7	add2	True	sudden relief
1258	+7	add4	False	sudden harmonious relief
1259	+7	add4	True	sudden harmonious relief
1260	+7	add9	False	growing complexity
1261	+7	add9	True	growing complexity
1262	+7	M79	False	annoyance
1263	+7	M79	True	intricacy
1264	+7	m79	False	apprehension
1265	+7	m79	True	intricate apprehension
1266	+7	M911	False	annoyance
1267	+7	M911	True	intrigue
1268	+7	m911	False	growing relief
1269	+7	m911	True	growing relief
1270	+7	m3	False	growing relief
1271	+7	m3	True	mystery
1272	+7	M3	False	growing resolution
1273	+7	M3	True	growing resolution
1274	+7	P4	False	growing resolution
1275	+7	P4	True	progress
1276	+7	P5	False	finality
1277	+7	P5	True	mysterious finality
1278	+7	P1	False	finality
1279	+7	P1	True	mysterious finality
1280	add2	M	False	blissful resolution
1281	add2	M	True	blissful resolution
1282	add2	m	False	bittersweet resolution
1283	add2	m	True	beautiful bittersweet resolution
1284	add2	s2	False	beautiful resolution
1285	add2	s2	True	beautiful resolution
1286	add2	s4	False	blissful growing coherence
1287	add2	s4	True	beautiful progress
1288	add2	+	False	beautiful growing anticipation
1289	add2	+	True	beautiful growing anticipation
1290	add2	-	False	beautiful but growing apprehension
1291	add2	-	True	beautiful wonder
1292	add2	M7	False	 
1293	add2	M7	True	beautiful
1294	add2	m7	False	beautiful nuance
1295	add2	m7	True	beautiful ominous
1296	add2	7	False	beautiful wonder
1297	add2	7	True	beautiful growing wonder
1298	add2	mM7	False	 
1299	add2	mM7	True	beautiful nuance
1300	add2	M9	False	 
1301	add2	M9	True	annoyance
1302	add2	m9	False	annoyance
1303	add2	m9	True	annoyance
1304	add2	M6	False	blissful
1305	add2	M6	True	beautiful
1306	add2	m6	False	beautiful nuanced wonder
1307	add2	m6	True	beautiful ominous
1308	add2	M11	False	annoyance
1309	add2	M11	True	annoyance
1310	add2	m11	False	annoyance
1311	add2	m11	True	annoyance
1312	add2	∅7	False	beautiful nuance
1313	add2	∅7	True	beautiful ominous wonder
1314	add2	+M7	False	beautiful growing nuanced anticipation
1315	add2	+M7	True	beautiful growing ominous wonder
1316	add2	-7	False	 
1317	add2	-7	True	beautiful ominous
1318	add2	+7	False	 
1319	add2	+7	True	beautiful ominous
1320	add2	add2	False	 
1321	add2	add2	True	 
1322	add2	add4	False	beautiful harmonious
1323	add2	add4	True	beautiful progress
1324	add2	add9	False	 
1325	add2	add9	True	 
1326	add2	M79	False	complex beauty
1327	add2	M79	True	complex beauty
1328	add2	m79	False	beautiful harmony
1329	add2	m79	True	beautiful bittersweet harmony
1330	add2	M911	False	annoyance
1331	add2	M911	True	annoyance
1332	add2	m911	False	complex beauty
1333	add2	m911	True	complex beauty
1334	add2	m3	False	beautiful harmony
1335	add2	m3	True	beautiful wonder
1336	add2	M3	False	beautiful resolution
1337	add2	M3	True	beautiful resolution
1338	add2	P4	False	beautiful finality
1339	add2	P4	True	beautiful resolution
1340	add2	P5	False	beautiful resolution
1341	add2	P5	True	beautiful resolution
1342	add2	P1	False	beautiful resolution
1343	add2	P1	True	beautiful resolution
1344	add4	M	False	beautiful resolution
1345	add4	M	True	beautiful resolution
1346	add4	m	False	beautiful bittersweet resolution
1347	add4	m	True	beautiful wonderous resolution
1348	add4	s2	False	complex beauty
1349	add4	s2	True	complex beauty
1350	add4	s4	False	complex beauty
1351	add4	s4	True	complex beauty
1352	add4	+	False	beautiful mounting anticipation
1353	add4	+	True	beautiful mounting anticipation
1354	add4	-	False	beautiful nuance
1355	add4	-	True	beautiful ominous wonder
1356	add4	M7	False	+
1357	add4	M7	True	 
1358	add4	m7	False	beautiful wonder
1359	add4	m7	True	beautiful ominous wonder
1360	add4	7	False	beautiful ominous wonder
1361	add4	7	True	beautiful ominous wonder
1362	add4	mM7	False	 
1363	add4	mM7	True	complex beauty
1364	add4	M9	False	annoyance
1365	add4	M9	True	annoyance
1366	add4	m9	False	annoyance
1367	add4	m9	True	annoyance
1368	add4	M6	False	 
1369	add4	M6	True	growing optimism
1370	add4	m6	False	growing wonder
1371	add4	m6	True	growing wonder
1372	add4	M11	False	annoyance
1373	add4	M11	True	annoyance
1374	add4	m11	False	annoyance
1375	add4	m11	True	annoyance
1376	add4	∅7	False	growing apprehension
1377	add4	∅7	True	growing apprehension
1378	add4	+M7	False	growing apprehension
1379	add4	+M7	True	growing ominous
1380	add4	-7	False	 
1381	add4	-7	True	growing ominous
1382	add4	+7	False	growing anticipation
1383	add4	+7	True	growing wonderous anticipation
1384	add4	add2	False	growing coherence
1385	add4	add2	True	growing coherence
1386	add4	add4	False	 
1387	add4	add4	True	 
1388	add4	add9	False	 
1389	add4	add9	True	 
1390	add4	M79	False	 
1391	add4	M79	True	beautiful nuance
1392	add4	m79	False	beautiful nuance
1393	add4	m79	True	complex beautiful nuance
1394	add4	M911	False	annoyance
1395	add4	M911	True	annoyance
1396	add4	m911	False	annoyance
1397	add4	m911	True	beautiful wonderous mystery
1398	add4	m3	False	beautiful wonderous resolution
1399	add4	m3	True	beautiful wonderous resolution
1400	add4	M3	False	beautiful resolution
1401	add4	M3	True	beautiful progressive resolution
1402	add4	P4	False	beautiful harmonious resolution
1403	add4	P4	True	beautiful harmonious resolution
1404	add4	P5	False	beautiful harmonious resolution
1405	add4	P5	True	beautiful harmonious resolution
1406	add4	P1	False	beautiful finality
1407	add4	P1	True	beautiful finality
1408	add9	M	False	beautiful resolution
1409	add9	M	True	beautiful resolution
1410	add9	m	False	beautiful bittersweet resolution
1411	add9	m	True	beautiful wonderous resolution
1412	add9	s2	False	beautiful nuanced resolution
1413	add9	s2	True	beautiful nuanced resolution
1414	add9	s4	False	beautiful harmonious nuanced resolution
1415	add9	s4	True	beautiful harmonious nuanced resolution
1416	add9	+	False	beautiful growing anticipation
1417	add9	+	True	beautiful wonderous anticipation
1418	add9	-	False	beautiful growing disappointment
1419	add9	-	True	beautiful
1420	add9	M7	False	 
1421	add9	M7	True	 
1422	add9	m7	False	beautiful
1423	add9	m7	True	beautiful nuance
1424	add9	7	False	beautiful nuance
1425	add9	7	True	beautiful nuance
1426	add9	mM7	False	beautiful growing apprehension
1427	add9	mM7	True	beautiful growing apprehension
1428	add9	M9	False	 
1429	add9	M9	True	 
1430	add9	m9	False	beautiful growing apprehension
1431	add9	m9	True	beautiful sudden apprehension
1432	add9	M6	False	beautiful resolution
1433	add9	M6	True	beautiful resolution
1434	add9	m6	False	beautiful bittersweet resolution
1435	add9	m6	True	beautiful ominous wonder
1436	add9	M11	False	 
1437	add9	M11	True	 
1438	add9	m11	False	beautiful growing nuance
1439	add9	m11	True	beautiful growing nuance
1440	add9	∅7	False	beautiful nuance
1441	add9	∅7	True	beautiful nuance
1442	add9	+M7	False	beautiful nuance
1443	add9	+M7	True	beautiful nuance
1444	add9	-7	False	beautiful nuanced resolution
1445	add9	-7	True	beautiful nuanced resolution
1446	add9	+7	False	beautiful growing apprehension
1447	add9	+7	True	beautiful growing apprehension
1448	add9	add2	False	beautiful sudden resolution
1449	add9	add2	True	beautiful sudden resolution
1450	add9	add4	False	beautiful sudden resolution
1451	add9	add4	True	beautiful progress
1452	add9	add9	False	 
1453	add9	add9	True	 
1454	add9	M79	False	 
1455	add9	M79	True	beautiful nuance
1456	add9	m79	False	beautiful nuance
1457	add9	m79	True	beautiful
1458	add9	M911	False	 
1459	add9	M911	True	beautiful confusion
1460	add9	m911	False	beautiful nuanced confusion
1461	add9	m911	True	beautiful nuanced confusion
1462	add9	m3	False	beautiful growing anticipation or apprehension
1463	add9	m3	True	beautiful growing mystery
1464	add9	M3	False	beautiful harmonious resolution
1465	add9	M3	True	beautiful harmonious resolution
1466	add9	P4	False	beautiful triumphant resolution
1467	add9	P4	True	beautiful triumphant resolution
1468	add9	P5	False	beautiful triumphant resolution
1469	add9	P5	True	beautiful triumphant resolution
1470	add9	P1	False	beautiful finality
1471	add9	P1	True	beautiful finality
1472	M79	M	False	beautiful nuanced harmonious finality
1473	M79	M	True	beautiful nuance
1474	M79	m	False	beautiful anticipation
1475	M79	m	True	beautiful mystery
1476	M79	s2	False	beautiful nuanced mystery
1477	M79	s2	True	 
1478	M79	s4	False	beautiful growing anticipation
1479	M79	s4	True	beautiful growing anticipation
1480	M79	+	False	beautiful growing apprehension
1481	M79	+	True	beautiful intricate nuance
1482	M79	-	False	beautiful growing apprehension
1483	M79	-	True	beautiful growing apprehension
1484	M79	M7	False	beautiful relief
1485	M79	M7	True	beautiful growing relief
1486	M79	m7	False	beautiful nuanced resolution
1487	M79	m7	True	beautiful nuanced resolution
1488	M79	7	False	 
1489	M79	7	True	 
1490	M79	mM7	False	beautiful nuance
1491	M79	mM7	True	beautiful nuance
1492	M79	M9	False	 
1493	M79	M9	True	beautiful ambivalence
1494	M79	m9	False	horror
1495	M79	m9	True	horror
1496	M79	M6	False	beautiful resolution
1497	M79	M6	True	beautiful resolution
1498	M79	m6	False	beautiful resolution
1499	M79	m6	True	beautiful wonder
1500	M79	M11	False	annoyance
1501	M79	M11	True	annoyance
1502	M79	m11	False	annoyance
1503	M79	m11	True	beautiful confusion
1504	M79	∅7	False	beautiful growing sorrow
1505	M79	∅7	True	beautiful growing sorrow
1506	M79	+M7	False	beautiful growing sorrow
1507	M79	+M7	True	beautiful growing sorrow
1508	M79	-7	False	beautiful growing sorrow
1509	M79	-7	True	beautiful growing sorrow
1510	M79	+7	False	beautiful growing nuance
1511	M79	+7	True	beautiful growing nuance
1512	M79	add2	False	harmonious resolution
1513	M79	add2	True	harmonious resolution
1514	M79	add4	False	beautiful resolution
1515	M79	add4	True	beautiful resolution
1516	M79	add9	False	annoyance
1517	M79	add9	True	beautiful resolution
1518	M79	M79	False	 
1519	M79	M79	True	 
1520	M79	m79	False	beautiful
1521	M79	m79	True	beautiful wonderous nuance
1522	M79	M911	False	annoyance
1523	M79	M911	True	growing anticipation
1524	M79	m911	False	growing nuance
1525	M79	m911	True	beautiful growing nuance
1526	M79	m3	False	beautiful resolution
1527	M79	m3	True	beautiful resolution
1528	M79	M3	False	beautiful harmonious resolution
1529	M79	M3	True	beautiful harmonious resolution
1530	M79	P4	False	beautiful harmonious resolution
1531	M79	P4	True	beautiful harmonious resolution
1532	M79	P5	False	beautiful finality
1533	M79	P5	True	beautiful finality
1534	M79	P1	False	annoyance
1535	M79	P1	True	beautiful finality
1536	m79	M	False	beautiful finality
1537	m79	M	True	beautiful growing mystery
1538	m79	m	False	beautiful nuanced resolution
1539	m79	m	True	beautiful nuanced resolution
1540	m79	s2	False	growing bittersweet
1541	m79	s2	True	 
1542	m79	s4	False	growing anticipation
1543	m79	s4	True	growing anticipation
1544	m79	+	False	growing apprehension
1545	m79	+	True	growing apprehension
1546	m79	-	False	growing apprehension
1547	m79	-	True	beautiful growing ominous
1548	m79	M7	False	beautiful growing resolution
1549	m79	M7	True	beautiful nuanced resolution
1550	m79	m7	False	beautiful growing resolution
1551	m79	m7	True	beautiful nuanced resolution
1552	m79	7	False	beautiful nuanced resolution
1553	m79	7	True	beautiful nuanced resolution
1554	m79	mM7	False	 
1555	m79	mM7	True	 
1556	m79	M9	False	beautiful growing anticipation
1557	m79	M9	True	beautiful growing anticipation
1558	m79	m9	False	annoyance
1559	m79	m9	True	annoyance
1560	m79	M6	False	beautiful growing resolution
1561	m79	M6	True	beautiful nuanced resolution
1562	m79	m6	False	beautiful growing resolution
1563	m79	m6	True	beautiful ominous resolution
1564	m79	M11	False	annoyance
1565	m79	M11	True	annoyance
1566	m79	m11	False	beautiful growing anticipation
1567	m79	m11	True	beautiful nuanced resolution
1568	m79	∅7	False	beautiful growing concern
1569	m79	∅7	True	beautiful growing concern
1570	m79	+M7	False	beautiful growing apprehension
1571	m79	+M7	True	beautiful growing apprehension
1572	m79	-7	False	beautiful growing apprehension
1573	m79	-7	True	beautiful growing apprehension
1574	m79	+7	False	beautiful growing apprehension
1575	m79	+7	True	beautiful nuanced resolution
1576	m79	add2	False	beautiful sudden resolution
1577	m79	add2	True	beautiful sudden resolution
1578	m79	add4	False	beautiful sudden nuanced resolution
1579	m79	add4	True	beautiful sudden nuanced progressive resolution
1580	m79	add9	False	beautiful growing aprehension
1581	m79	add9	True	beautiful sudden resolution
1582	m79	M79	False	beautiful growing apprehension
1583	m79	M79	True	beautiful growing apprehension
1584	m79	m79	False	 
1585	m79	m79	True	 
1586	m79	M911	False	growing apprehension
1587	m79	M911	True	growing apprehension
1588	m79	m911	False	growing apprehension
1589	m79	m911	True	growing apprehension
1590	m79	m3	False	growing apprehension
1591	m79	m3	True	growing apprehension
1592	m79	M3	False	growing finality
1593	m79	M3	True	growing finality
1594	m79	P4	False	growing finality
1595	m79	P4	True	growing finality
1596	m79	P5	False	growing finality
1597	m79	P5	True	growing finality
1598	m79	P1	False	annoyance
1599	m79	P1	True	growing finality
1600	M911	M	False	beautiful growing coherence
1601	M911	M	True	beautiful growing coherence
1602	M911	m	False	beautiful growing disappointment
1603	M911	m	True	beautiful growing disappointment
1604	M911	s2	False	beautiful growing disappointment
1605	M911	s2	True	beautiful growing nuance
1606	M911	s4	False	beautiful growing apprehension
1607	M911	s4	True	beautiful growing nuance
1608	M911	+	False	beautiful growing shock
1609	M911	+	True	beautiful growing shock
1610	M911	-	False	beautiful growing anticipation
1611	M911	-	True	beautiful growing apprehension
1612	M911	M7	False	beautiful growing clarity and resolution
1613	M911	M7	True	beautiful growing clarity and resolution
1614	M911	m7	False	beautiful growing relief
1615	M911	m7	True	beautiful growing ominous relief
1616	M911	7	False	beautiful growing confusion
1617	M911	7	True	beautiful growing nuance
1618	M911	mM7	False	beautiful growing nuance
1619	M911	mM7	True	beautiful 
1620	M911	M9	False	 
1621	M911	M9	True	beautiful confusion
1622	M911	m9	False	annoyance
1623	M911	m9	True	annoyance
1624	M911	M6	False	beautiful growing clarity
1625	M911	M6	True	beautiful growing clarity
1626	M911	m6	False	beautiful growing concern
1627	M911	m6	True	beautiful growing ominous
1628	M911	M11	False	 
1629	M911	M11	True	beautiful
1630	M911	m11	False	beautiful growing apprehension
1631	M911	m11	True	beautiful growing apprehension
1632	M911	∅7	False	beautiful growing apprehension
1633	M911	∅7	True	beautiful growing apprehension
1634	M911	+M7	False	beautiful growing confusion
1635	M911	+M7	True	beautiful growing concern
1636	M911	-7	False	beautiful growing concern
1637	M911	-7	True	beautiful growing concern
1638	M911	+7	False	beautiful growing concern
1639	M911	+7	True	beautiful growing concern
1640	M911	add2	False	beautiful growing resolution
1641	M911	add2	True	beautiful growing resolution
1642	M911	add4	False	beautiful growing resolution
1643	M911	add4	True	beautiful growing resolution
1644	M911	add9	False	growing apprehension and confusion
1645	M911	add9	True	growing apprehension and confusion
1646	M911	M79	False	growing confused apprehension
1647	M911	M79	True	growing confused apprehension
1648	M911	m79	False	growing confused apprehension
1649	M911	m79	True	growing confused apprehension
1650	M911	M911	False	 
1651	M911	M911	True	 
1652	M911	m911	False	growing confused apprehension
1653	M911	m911	True	growing confused apprehension
1654	M911	m3	False	growing confused finality
1655	M911	m3	True	growing confused finality
1656	M911	M3	False	growing apprehensive finality
1657	M911	M3	True	growing apprehensive finality
1658	M911	P4	False	growing apprehensive finality
1659	M911	P4	True	growing apprehensive finality
1660	M911	P5	False	growing apprehensive finality
1661	M911	P5	True	growing confused finality
1662	M911	P1	False	growing apprehensive finality
1663	M911	P1	True	growing apprehensive finality
1664	m911	M	False	growing relief
1665	m911	M	True	growing mystery
1666	m911	m	False	growing concern
1667	m911	m	True	growing concern
1668	m911	s2	False	growing concern
1669	m911	s2	True	growing concern
1670	m911	s4	False	growing wonder
1671	m911	s4	True	growing wonder
1672	m911	+	False	growing concern
1673	m911	+	True	growing concern
1674	m911	-	False	growing concern
1675	m911	-	True	growing concern
1676	m911	M7	False	sudden relief
1677	m911	M7	True	growing relief
1678	m911	m7	False	growing nuanced relief
1679	m911	m7	True	growing nuanced relief
1680	m911	7	False	growing resolution
1681	m911	7	True	growing nuanced resolution
1682	m911	mM7	False	growing concern
1683	m911	mM7	True	growing concern
1684	m911	M9	False	growing relief
1685	m911	M9	True	growing relief
1686	m911	m9	False	pain
1687	m911	m9	True	fear
1688	m911	M6	False	relief
1689	m911	M6	True	relief
1690	m911	m6	False	concern
1691	m911	m6	True	concern
1692	m911	M11	False	growing fear
1693	m911	M11	True	growing confusion
1694	m911	m11	False	growing nuance
1695	m911	m11	True	growing nuance
1696	m911	∅7	False	growing concern
1697	m911	∅7	True	growing concern
1698	m911	+M7	False	growing concern
1699	m911	+M7	True	growing concern
1700	m911	-7	False	growing apprehension
1701	m911	-7	True	growing apprehension
1702	m911	+7	False	growing fear
1703	m911	+7	True	growing apprehension
1704	m911	add2	False	growing fear
1705	m911	add2	True	growing wonder
1706	m911	add4	False	growing fear
1707	m911	add4	True	growing wonderous progress
1708	m911	add9	False	growing beautiful relief
1709	m911	add9	True	growing relief
1710	m911	M79	False	growing relief
1711	m911	M79	True	growing concern
1712	m911	m79	False	growing concern
1713	m911	m79	True	growing concern
1714	m911	M911	False	growing apprehension
1715	m911	M911	True	growing apprehension
1716	m911	m911	False	 
1717	m911	m911	True	 
1718	m911	m3	False	concerned finality
1719	m911	m3	True	growing concern
1720	m911	M3	False	growing concern
1721	m911	M3	True	growing concern
1722	m911	P4	False	concerned finality
1723	m911	P4	True	growing concerned finality
1724	m911	P5	False	growing concerned finality
1725	m911	P5	True	growing concerned finality
1726	m911	P1	False	growing concern
1727	m911	P1	True	growing concern
1728	m3	M	False	restful beauty
1729	m3	M	True	restful beauty
1730	m3	m	False	beautiful rest
1731	m3	m	True	beautiful rest
1732	m3	s2	False	beautiful rest
1733	m3	s2	True	beautiful rest
1734	m3	s4	False	beautiful growing concerned
1735	m3	s4	True	beautiful growing concerned
1736	m3	+	False	growing concerned
1737	m3	+	True	growing concerned
1738	m3	-	False	growing concerned
1739	m3	-	True	growing concerned
1740	m3	M7	False	apprehension
1741	m3	M7	True	apprehension
1742	m3	m7	False	nuanced apprehension
1743	m3	m7	True	nuanced apprehension
1744	m3	7	False	nuanced fear
1745	m3	7	True	nuanced fear
1746	m3	mM7	False	fear
1747	m3	mM7	True	apprehension
1748	m3	M9	False	pain
1749	m3	M9	True	pain
1750	m3	m9	False	pain
1751	m3	m9	True	pain
1752	m3	M6	False	nuanced pain
1753	m3	M6	True	confused pain
1754	m3	m6	False	pain
1755	m3	m6	True	ominous pain
1756	m3	M11	False	pain
1757	m3	M11	True	pain
1758	m3	m11	False	pain
1759	m3	m11	True	pain
1760	m3	∅7	False	pain
1761	m3	∅7	True	confused pain
1762	m3	+M7	False	growing apprehension
1763	m3	+M7	True	painful growing apprehension
1764	m3	-7	False	painful growing apprehension
1765	m3	-7	True	painful growing apprehension
1766	m3	+7	False	painful growing apprehension
1767	m3	+7	True	growing apprehension
1768	m3	add2	False	painful growing relieved
1769	m3	add2	True	painful growing relieved
1770	m3	add4	False	painful growing relieved
1771	m3	add4	True	painful progress growing relieved
1772	m3	add9	False	painful growing sorrowful but relieved
1773	m3	add9	True	painful
1774	m3	M79	False	pain
1775	m3	M79	True	painful
1776	m3	m79	False	painful growing sorrow
1777	m3	m79	True	painful growing sorrow
1778	m3	M911	False	painful growing apprehensive sorrow
1779	m3	M911	True	painful growing confused apprehension
1780	m3	m911	False	painful growing sorrow
1781	m3	m911	True	painful growing nuanced sorrow
1782	m3	m3	False	anhedonia
1783	m3	m3	True	ominous anhedonia
1784	m3	M3	False	painful growing anhedonia
1785	m3	M3	True	ominous anhedonia
1786	m3	P4	False	painful growing succor
1787	m3	P4	True	growing succor
1788	m3	P5	False	painful growing redemption
1789	m3	P5	True	growing redemption
1790	m3	P1	False	growing sorrowful finality
1791	m3	P1	True	sorrowful finality
1792	M3	M	False	sorrowful resolution
1793	M3	M	True	resolution
1794	M3	m	False	sorrowful resolution
1795	M3	m	True	sorrowful resolution
1796	M3	s2	False	sorrowful growing complexity
1797	M3	s2	True	sorrowful growing complexity
1798	M3	s4	False	sorrowful growing hope
1799	M3	s4	True	sorrowful growing hope
1800	M3	+	False	sorrowful growing apprehension
1801	M3	+	True	sorrowful ominous growing apprehension
1802	M3	-	False	growing apprehension
1803	M3	-	True	ominous growing apprehension
1804	M3	M7	False	nuanced
1805	M3	M7	True	confused
1806	M3	m7	False	growing confusion
1807	M3	m7	True	growing nuance
1808	M3	7	False	growing concern
1809	M3	7	True	growing concern
1810	M3	mM7	False	growing fear
1811	M3	mM7	True	growing fear
1812	M3	M9	False	 
1813	M3	M9	True	confusion
1814	M3	m9	False	confused concern
1815	M3	m9	True	confused concern
1816	M3	M6	False	confusion
1817	M3	M6	True	confusion
1818	M3	m6	False	confused relief
1819	M3	m6	True	confused relief
1820	M3	M11	False	confused relief
1821	M3	M11	True	confused apprehension
1822	M3	m11	False	growing apprehension
1823	M3	m11	True	concern
1824	M3	∅7	False	growing concern
1825	M3	∅7	True	ominous growing concern
1826	M3	+M7	False	confused fear
1827	M3	+M7	True	confused fear
1828	M3	-7	False	confusion
1829	M3	-7	True	ominous confusion
1830	M3	+7	False	confusion
1831	M3	+7	True	concerned confusion
1832	M3	add2	False	confused
1833	M3	add2	True	musical equivalent of abusive manipulation
1834	M3	add4	False	confused
1835	M3	add4	True	confused
1836	M3	add9	False	confused beauty
1837	M3	add9	True	confused beauty
1838	M3	M79	False	 
1839	M3	M79	True	intricate beauty
1840	M3	m79	False	beauty
1841	M3	m79	True	intricate beauty
1842	M3	M911	False	confused beauty
1843	M3	M911	True	confused beauty
1844	M3	m911	False	wonderous beauty
1845	M3	m911	True	intricate progressive beauty
1846	M3	m3	False	ominous
1847	M3	m3	True	ominous
1848	M3	M3	False	 
1849	M3	M3	True	 
1850	M3	P4	False	subdued growing anticipation
1851	M3	P4	True	progressive
1852	M3	P5	False	progressive
1853	M3	P5	True	progressive
1854	M3	P1	False	finality
1855	M3	P1	True	finality
1856	P4	M	False	harmonious beauty
1857	P4	M	True	progressive
1858	P4	m	False	nuanced beauty
1859	P4	m	True	nuanced beauty
1860	P4	s2	False	nuanced beauty
1861	P4	s2	True	nuanced beauty
1862	P4	s4	False	sustained beauty
1863	P4	s4	True	sustained beauty
1864	P4	+	False	growing apprehension
1865	P4	+	True	growing wonder or apprehension
1866	P4	-	False	ominous
1867	P4	-	True	ominous
1868	P4	M7	False	harmonious nuance
1869	P4	M7	True	intricate nuance
1870	P4	m7	False	growing progressive anticipation
1871	P4	m7	True	growing progressive anticipation
1872	P4	7	False	growing nuance
1873	P4	7	True	growing progressive
1874	P4	mM7	False	growing apprehension
1875	P4	mM7	True	growing apprehension
1876	P4	M9	False	growing resolution
1877	P4	M9	True	growing nuance
1878	P4	m9	False	growing concern
1879	P4	m9	True	ominous
1880	P4	M6	False	sudden resolution
1881	P4	M6	True	 
1882	P4	m6	False	growing resolution
1883	P4	m6	True	growing ominous
1884	P4	M11	False	growing apprehension
1885	P4	M11	True	annoyance
1886	P4	m11	False	 
1887	P4	m11	True	 
1888	P4	∅7	False	sudden disappointment
1889	P4	∅7	True	sudden apprehension
1890	P4	+M7	False	growing concern
1891	P4	+M7	True	growing concern
1892	P4	-7	False	growing apprehension
1893	P4	-7	True	growing ominous
1894	P4	+7	False	growing apprehension
1895	P4	+7	True	growing ominous
1896	P4	add2	False	sudden relief
1897	P4	add2	True	sudden relief
1898	P4	add4	False	sudden resolution
1899	P4	add4	True	progress
1900	P4	add9	False	sudden revelation
1901	P4	add9	True	progress
1902	P4	M79	False	 
1903	P4	M79	True	intricate beauty
1904	P4	m79	False	beauty
1905	P4	m79	True	beauty
1906	P4	M911	False	 
1907	P4	M911	True	 
1908	P4	m911	False	 
1909	P4	m911	True	intricate beauty
1910	P4	m3	False	 
1911	P4	m3	True	moody
1912	P4	M3	False	beauty
1913	P4	M3	True	beauty
1914	P4	P4	False	 
1915	P4	P4	True	 
1916	P4	P5	False	resolution
1917	P4	P5	True	resolution
1918	P4	P1	False	finality
1919	P4	P1	True	finality
1920	P5	M	False	resolution
1921	P5	M	True	resolution
1922	P5	m	False	moody calm
1923	P5	m	True	moody calm
1924	P5	s2	False	calm
1925	P5	s2	True	calm
1926	P5	s4	False	beauty
1927	P5	s4	True	beauty
1928	P5	+	False	growing apprehension
1929	P5	+	True	growing wonder
1930	P5	-	False	growing moody
1931	P5	-	True	moody
1932	P5	M7	False	 
1933	P5	M7	True	 
1934	P5	m7	False	 
1935	P5	m7	True	nuance
1936	P5	7	False	complex nuance
1937	P5	7	True	nuance
1938	P5	mM7	False	growing apprehension
1939	P5	mM7	True	growing apprehension
1940	P5	M9	False	growing apprehension
1941	P5	M9	True	growing apprehension
1942	P5	m9	False	growing ominous
1943	P5	m9	True	growing confusion
1944	P5	M6	False	growing resolution
1945	P5	M6	True	resolution
1946	P5	m6	False	growing apprehension
1947	P5	m6	True	growing ominous
1948	P5	M11	False	fear
1949	P5	M11	True	fear
1950	P5	m11	False	despair
1951	P5	m11	True	nuance
1952	P5	∅7	False	growing apprehension
1953	P5	∅7	True	growing apprehension
1954	P5	+M7	False	growing apprehension
1955	P5	+M7	True	growing apprehension
1956	P5	-7	False	growing calm
1957	P5	-7	True	growing calm
1958	P5	+7	False	growing apprehension
1959	P5	+7	True	growing apprehension
1960	P5	add2	False	sudden resolution
1961	P5	add2	True	sudden resolution
1962	P5	add4	False	sudden calm
1963	P5	add4	True	growing calm
1964	P5	add9	False	growing apprehension
1965	P5	add9	True	growing apprehension
1966	P5	M79	False	finality
1967	P5	M79	True	finality
1968	P5	m79	False	finality
1969	P5	m79	True	intricate finality
1970	P5	M911	False	intricate harmony
1971	P5	M911	True	wonder
1972	P5	m911	False	wonder
1973	P5	m911	True	wonder
1974	P5	m3	False	calm
1975	P5	m3	True	calm
1976	P5	M3	False	restful
1977	P5	M3	True	restful
1978	P5	P4	False	sacred
1979	P5	P4	True	sacred
1980	P5	P5	False	finality
1981	P5	P5	True	 
1982	P5	P1	False	finality
1983	P5	P1	True	finality
1984	1P1	1M	False	resolution
1985	1P1	1M	True	resolution
1986	1P1	1m	False	moody resolution
1987	1P1	1m	True	moody resolution
1988	1P1	1s2	False	glorious resolution
1989	1P1	1s2	True	glorious resolution
1993	1P1	1s4	False	glorious resolution
1994	1P1	1s4	True	glorious resolution
1995	1P1	1+	False	growing apprehension
1996	1P1	1+	True	ominous  
1997	1P1	1-	False	growing threat
1998	1P1	1-	True	growing threat
1999	1P1	1M7	False	 
2000	1P1	1M7	True	growing nuance
2001	1P1	1m7	False	growing nuance    
2002	1P1	1m7	True	growing wonderous nuance
2005	1P1	17	False	glorious nuance
2006	1P1	17	True	glorious nuance
2007	1P1	1mM7	False	growing apprehension
2008	1P1	1mM7	True	growing apprehension
2009	1P1	1M9	False	growing apprehension
2010	1P1	1M9	True	growing apprehension
2011	1P1	1m9	False	growing concern
2012	1P1	1m9	True	growing concern
2013	1P1	1M6	False	growing relief
2014	1P1	1M6	True	growing relief
2015	1P1	1m6	False	growing calm
2016	1P1	1m6	True	ominous wonderous calm
2017	1P1	1M11	False	annoyance
2018	1P1	1M11	True	annoyance
2019	1P1	1m11	False	confusion
2020	1P1	1m11	True	nuance
2021	1P1	1∅7	False	growing concern
2022	1P1	1∅7	True	growing concern
2023	1P1	1+	False	growing concern
2024	1P1	1+	True	growing concern
2025	1P1	1-	False	growing apprehension
2026	1P1	1-	True	growing apprehension
2027	1P1	1+	False	growing apprehension
2028	1P1	1+	True	growing apprehension
2029	1P1	1add2	False	growing resolution
2030	1P1	1add2	True	wonderous calm
2031	1P1	1add4	False	growing calm
2032	1P1	1add4	True	progressive calm
2033	1P1	1add9	False	growing concern
2034	1P1	1add9	True	growing concern
2035	1P1	1M79	False	annoyance
2036	1P1	1M79	True	annoyance
2037	1P1	1m79	False	annoyance
2038	1P1	1m79	True	annoyance
2039	1P1	1M911	False	annoyance
2040	1P1	1M911	True	wonder
2041	1P1	1m911	False	nuanced wonder
2042	1P1	1m911	True	nuanced wonder
2043	1P1	1m3	False	       
2044	1P1	1m3	True	oncoming sleep
2045	1P1	1m3	False	oncoming sleep
2046	1P1	1M3	True	calm finality
2047	1P1	1M3	False	calm         
2048	1P1	1P4	True	calm harmony
2049	1P1	1P4	False	calm harmony
2050	1P1	1P5	True	calm
2051	1P1	1P5	False	growing calm
2052	1P1	1P1	True	finality
2053	1P1	1P1	False	finality
