1M	1M	harmonic	 
1M	1M	ascending	happy
1M	1m	harmonic	wonder
1M	1m	ascending	nuance
1M	1s2	harmonic	harmony
1M	1s2	ascending	restful
1M	1s4	harmonic	bliss
1M	1s4	ascending	optimism
1M	1+	harmonic	anticipation
1M	1+	ascending	anticipation
1M	1-	harmonic	build
1M	1-	ascending	fear
1M	1M7	harmonic	optimism
1M	1M7	ascending	optimism
1M	1m7	harmonic	wonder
1M	1m7	ascending	wonder
1M	1Mm7	harmonic	build
1M	1Mm7	ascending	progress
1M	1mM7	harmonic	annoyance
1M	1mM7	ascending	build
1M	1M9	harmonic	annoyance
1M	1M9	ascending	optimism
1M	1m9	harmonic	fear
1M	1m9	ascending	threat
1M	1M6	harmonic	bliss
1M	1M6	ascending	happy
1M	1m6	harmonic	nuance
1M	1m6	ascending	threat
1M	1M11	harmonic	annoyance
1M	1M11	ascending	annoyance
1M	1m11	harmonic	annoyance
1M	1m11	ascending	annoyance
1M	1∅7	harmonic	nuance
1M	1∅7	ascending	progress
1M	1+M7	harmonic	bliss
1M	1+M7	ascending	threat
1M	1-7	harmonic	restful
1M	1-7	ascending	threat
1M	1+7	harmonic	optimism
1M	1+7	ascending	threat
1M	1add2	harmonic	annoyance
1M	1add2	ascending	 
1M	1add4	harmonic	annoyance
1M	1add4	ascending	progress
1M	1add9	harmonic	optimism
1M	1add9	ascending	optimism
1M	1M79	harmonic	bliss
1M	1M79	ascending	bliss
1M	1m79	harmonic	wonder
1M	1m79	ascending	wonder
1M	1M911	harmonic	annoyance
1M	1M911	ascending	annoyance
1M	1m911	harmonic	wonder
1M	1m911	ascending	wonder
1M	1m3	harmonic	happy
1M	1m3	ascending	 
1M	1M3	harmonic	 
1M	1M3	ascending	 
1M	1P4	harmonic	happy finality
1M	1P4	ascending	happy finality
1M	1P5	harmonic	optimism
1M	1P5	ascending	optimism
1M	1P1	harmonic	annoyance
1M	1P1	ascending	annoyance
1m	1M	harmonic	wonder
1m	1M	ascending	wonder
1m	1m	harmonic	 
1m	1m	ascending	somber
1m	1s2	harmonic	nuance
1m	1s2	ascending	nuance
1m	1s4	harmonic	wonder
1m	1s4	ascending	progress
1m	1+	harmonic	optimism
1m	1+	ascending	optimism
1m	1-	harmonic	threat
1m	1-	ascending	creepy
1m	1M7	harmonic	 
1m	1M7	ascending	restful
1m	1m7	harmonic	wonder
1m	1m7	ascending	progress
1m	1Mm7	harmonic	nuance
1m	1Mm7	ascending	progress
1m	1mM7	harmonic	annoyance
1m	1mM7	ascending	threat
1m	1M9	harmonic	happy nuance
1m	1M9	ascending	happy nuance
1m	1m9	harmonic	threat
1m	1m9	ascending	threat
1m	1M6	harmonic	peaceful
1m	1M6	ascending	restful
1m	1m6	harmonic	restful
1m	1m6	ascending	threat
1m	1M11	harmonic	annoyance
1m	1M11	ascending	annoyance
1m	1m11	harmonic	annoyance
1m	1m11	ascending	annoyance
1m	1∅7	harmonic	dark nuance
1m	1∅7	ascending	dark
1m	1+M7	harmonic	optimism
1m	1+M7	ascending	wonder
1m	1-7	harmonic	restful
1m	1-7	ascending	foreboding
1m	1+7	harmonic	 
1m	1+7	ascending	threat
1m	1add2	harmonic	 
1m	1add2	ascending	 
1m	1add4	harmonic	 
1m	1add4	ascending	compelling
1m	1add9	harmonic	 
1m	1add9	ascending	optimism
1m	1M79	harmonic	imperious
1m	1M79	ascending	 
1m	1m79	harmonic	sad nuance
1m	1m79	ascending	urgent nuance
1m	1M911	harmonic	annoyance
1m	1M911	ascending	annoyance
1m	1m911	harmonic	beautiful
1m	1m911	ascending	intricate
1m	1m3	harmonic	restful
1m	1m3	ascending	progress
1m	1M3	harmonic	optimism
1m	1M3	ascending	optimism
1m	1P4	harmonic	optimistic finality
1m	1P4	ascending	optimistic finality
1m	1P5	harmonic	optimistic finality
1m	1P5	ascending	 
1m	1P1	harmonic	annoyance
1m	1P1	ascending	annoyance
1s2	1M	harmonic	harmonious finality
1s2	1M	ascending	harmonious finality
1s2	1m	harmonic	threat
1s2	1m	ascending	threatening nuance
1s2	1s2	harmonic	 
1s2	1s2	ascending	nuance
1s2	1s4	harmonic	optimism
1s2	1s4	ascending	optimism
1s2	1+	harmonic	growing bliss
1s2	1+	ascending	growing bliss
1s2	1-	harmonic	threat
1s2	1-	ascending	creepy
1s2	1M7	harmonic	blissful nuance
1s2	1M7	ascending	blissful nuance
1s2	1m7	harmonic	progress
1s2	1m7	ascending	progress
1s2	1Mm7	harmonic	progress
1s2	1Mm7	ascending	progress
1s2	1mM7	harmonic	 
1s2	1mM7	ascending	sad nuance
1s2	1M9	harmonic	 
1s2	1M9	ascending	love
1s2	1m9	harmonic	threat
1s2	1m9	ascending	threat
1s2	1M6	harmonic	love
1s2	1M6	ascending	happy
1s2	1m6	harmonic	restful
1s2	1m6	ascending	threat
1s2	1M11	harmonic	annoyance
1s2	1M11	ascending	annoyance
1s2	1m11	harmonic	annoyance
1s2	1m11	ascending	annoyance
1s2	1∅7	harmonic	nuance
1s2	1∅7	ascending	nuance
1s2	1+M7	harmonic	build
1s2	1+M7	ascending	threat
1s2	1-7	harmonic	restful
1s2	1-7	ascending	 
1s2	1+7	harmonic	build
1s2	1+7	ascending	threat
1s2	1add2	harmonic	 
1s2	1add2	ascending	 
1s2	1add4	harmonic	 
1s2	1add4	ascending	optimism
1s2	1add9	harmonic	annoyance
1s2	1add9	ascending	optimistic love
1s2	1M79	harmonic	annoyance
1s2	1M79	ascending	annoyance
1s2	1m79	harmonic	extreme nuance or confusion
1s2	1m79	ascending	 
1s2	1M911	harmonic	annoyance
1s2	1M911	ascending	 
1s2	1m911	harmonic	extremely nuanced optimism
1s2	1m911	ascending	extremely nuanced optimism
1s2	1m3	harmonic	cohered optimism
1s2	1m3	ascending	optimistic finality
1s2	1M3	harmonic	optimistic finality
1s2	1M3	ascending	optimistic finality
1s2	1P4	harmonic	growing finality
1s2	1P4	ascending	growing finality
1s2	1P5	harmonic	happy finality
1s2	1P5	ascending	happy finality
1s2	1P1	harmonic	annoyance
1s2	1P1	ascending	 
1s4	1M	harmonic	finality
1s4	1M	ascending	growing happy finality
1s4	1m	harmonic	tension
1s4	1m	ascending	nuance
1s4	1s2	harmonic	happy finality
1s4	1s2	ascending	 
1s4	1s4	harmonic	 
1s4	1s4	ascending	pensive
1s4	1+	harmonic	growing optimism
1s4	1+	ascending	growing optimism
1s4	1-	harmonic	 
1s4	1-	ascending	threat
1s4	1M7	harmonic	happy
1s4	1M7	ascending	happy
1s4	1m7	harmonic	wonder
1s4	1m7	ascending	wonder
1s4	1Mm7	harmonic	wonder
1s4	1Mm7	ascending	wonder
1s4	1mM7	harmonic	 
1s4	1mM7	ascending	nuance
1s4	1M9	harmonic	annoyance
1s4	1M9	ascending	growing optimism
1s4	1m9	harmonic	growing threat
1s4	1m9	ascending	growing threat
1s4	1M6	harmonic	coherence
1s4	1M6	ascending	restful
1s4	1m6	harmonic	wonder
1s4	1m6	ascending	threat
1s4	1M11	harmonic	annoyance
1s4	1M11	ascending	annoyance
1s4	1m11	harmonic	annoyance
1s4	1m11	ascending	annoyance
1s4	1∅7	harmonic	nuance
1s4	1∅7	ascending	progress
1s4	1+M7	harmonic	growing threat
1s4	1+M7	ascending	growing threat
1s4	1-7	harmonic	growing restful
1s4	1-7	ascending	growing threat
1s4	1+7	harmonic	 
1s4	1+7	ascending	growing threat
1s4	1add2	harmonic	 
1s4	1add2	ascending	 
1s4	1add4	harmonic	 
1s4	1add4	ascending	growing coherence
1s4	1add9	harmonic	 
1s4	1add9	ascending	 
1s4	1M79	harmonic	bliss
1s4	1M79	ascending	love
1s4	1m79	harmonic	blissful wonder
1s4	1m79	ascending	 
1s4	1M911	harmonic	annoyance
1s4	1M911	ascending	annoyance
1s4	1m911	harmonic	 
1s4	1m911	ascending	 
1s4	1m3	harmonic	optimistic finality
1s4	1m3	ascending	optimistic finality
1s4	1M3	harmonic	growing happy finality
1s4	1M3	ascending	growing happy finality
1s4	1P4	harmonic	growing happy finality
1s4	1P4	ascending	growing happy finality
1s4	1P5	harmonic	happy finality
1s4	1P5	ascending	happy finality
1s4	1P1	harmonic	annoyance
1s4	1P1	ascending	annoyance
1+	1M	harmonic	 
1+	1M	ascending	threatening wonder
1+	1m	harmonic	threat
1+	1m	ascending	threat
1+	1s2	harmonic	 
1+	1s2	ascending	threatening wonder
1+	1s4	harmonic	 
1+	1s4	ascending	ominous wonder
1+	1+	harmonic	 
1+	1+	ascending	annoyance
1+	1-	harmonic	 
1+	1-	ascending	 
1+	1M7	harmonic	 
1+	1M7	ascending	 
1+	1m7	harmonic	progress
1+	1m7	ascending	progress
1+	1Mm7	harmonic	progress
1+	1Mm7	ascending	progress
1+	1mM7	harmonic	threat
1+	1mM7	ascending	ominous
1+	1M9	harmonic	growing optimism
1+	1M9	ascending	 
1+	1m9	harmonic	growing threat
1+	1m9	ascending	growing threat
1+	1M6	harmonic	growing calm
1+	1M6	ascending	 
1+	1m6	harmonic	 
1+	1m6	ascending	growing threat
1+	1M11	harmonic	annoyance
1+	1M11	ascending	annoyance
1+	1m11	harmonic	annoyance
1+	1m11	ascending	annoyance
1+	1∅7	harmonic	nuance
1+	1∅7	ascending	nuance
1+	1+M7	harmonic	 
1+	1+M7	ascending	 
1+	1-7	harmonic	growing coherence
1+	1-7	ascending	growing threat
1+	1+7	harmonic	 
1+	1+7	ascending	growing threat
1+	1add2	harmonic	 
1+	1add2	ascending	 
1+	1add4	harmonic	 
1+	1add4	ascending	progress
1+	1add9	harmonic	 
1+	1add9	ascending	growing bliss
1+	1M79	harmonic	bliss
1+	1M79	ascending	bliss
1+	1m79	harmonic	blissful wonder
1+	1m79	ascending	blissful wonder
1+	1M911	harmonic	annoyance
1+	1M911	ascending	 
1+	1m911	harmonic	growing wonder
1+	1m911	ascending	growing wonder
1+	1m3	harmonic	growing wonderous finality
1+	1m3	ascending	mysteriously wonderous finality
1+	1M3	harmonic	growing wonderous finality
1+	1M3	ascending	growing wonderous finality
1+	1P4	harmonic	growing wonderous finality
1+	1P4	ascending	growing wonderous finality
1+	1P5	harmonic	growing blissful wonderous finality
1+	1P5	ascending	growing blissful wonderous finality
1+	1P1	harmonic	growing blissful wonderous finality
1+	1P1	ascending	 
1-	1M	harmonic	comedic finality
1-	1M	ascending	ominous wonder
1-	1m	harmonic	ominous wonder
1-	1m	ascending	ominous wonder
1-	1s2	harmonic	 
1-	1s2	ascending	nuance
1-	1s4	harmonic	 
1-	1s4	ascending	progress
1-	1+	harmonic	 
1-	1+	ascending	wonderous growing ominous
1-	1-	harmonic	 
1-	1-	ascending	ominous
1-	1M7	harmonic	 
1-	1M7	ascending	restful
1-	1m7	harmonic	 
1-	1m7	ascending	 
1-	1Mm7	harmonic	 
1-	1Mm7	ascending	progress
1-	1mM7	harmonic	annoyance
1-	1mM7	ascending	 
1-	1M9	harmonic	 
1-	1M9	ascending	 
1-	1m9	harmonic	growing threat
1-	1m9	ascending	growing threat
1-	1M6	harmonic	growing restful
1-	1M6	ascending	 
1-	1m6	harmonic	growing restful
1-	1m6	ascending	growing ominous
1-	1M11	harmonic	annoyance
1-	1M11	ascending	annoyance
1-	1m11	harmonic	annoyance
1-	1m11	ascending	annoyance
1-	1∅7	harmonic	 
1-	1∅7	ascending	progress
1-	1+M7	harmonic	 
1-	1+M7	ascending	growing threat
1-	1-7	harmonic	growing resolution
1-	1-7	ascending	 
1-	1+7	harmonic	 
1-	1+7	ascending	 
1-	1add2	harmonic	 
1-	1add2	ascending	 
1-	1add4	harmonic	sudden resolution
1-	1add4	ascending	growing optimism
1-	1add9	harmonic	 
1-	1add9	ascending	 
1-	1M79	harmonic	confused terror
1-	1M79	ascending	confused terror
1-	1m79	harmonic	confused despair
1-	1m79	ascending	confused desperation
1-	1M911	harmonic	annoyance
1-	1M911	ascending	annoyance
1-	1m911	harmonic	nuanced progress
1-	1m911	ascending	 
1-	1m3	harmonic	confused optimistic resolution
1-	1m3	ascending	confused optimistic resolution
1-	1M3	harmonic	confused optimistic resolution
1-	1M3	ascending	confused optimistic resolution
1-	1P4	harmonic	confused optimistic finality
1-	1P4	ascending	confused optimistic finality
1-	1P5	harmonic	confused optimistic finality
1-	1P5	ascending	confused optimistic finality
1-	1P1	harmonic	confused optimistic finality
1-	1P1	ascending	confused optimistic finality
1M7	1M	harmonic	growing optimistic coherence
1M7	1M	ascending	growing optimistic coherence
1M7	1m	harmonic	growing finality
1M7	1m	ascending	growing finality
1M7	1s2	harmonic	growing nuanced finality
1M7	1s2	ascending	growing nuanced finality
1M7	1s4	harmonic	growing optimistic finality
1M7	1s4	ascending	growing optimistic finality
1M7	1+	harmonic	growing blissful finality
1M7	1+	ascending	growing blissful finality
1M7	1-	harmonic	growing restful finality
1M7	1-	ascending	growing restful finality
1M7	1M7	harmonic	 
1M7	1M7	ascending	 
1M7	1m7	harmonic	confused threat or wonder
1M7	1m7	ascending	confused threat or wonder
1M7	1Mm7	harmonic	growing threat
1M7	1Mm7	ascending	progress
1M7	1mM7	harmonic	 
1M7	1mM7	ascending	 
1M7	1M9	harmonic	solace
1M7	1M9	ascending	solace
1M7	1m9	harmonic	sudden threat
1M7	1m9	ascending	sudden threat
1M7	1M6	harmonic	growing restful
1M7	1M6	ascending	comfortable
1M7	1m6	harmonic	growing resolution
1M7	1m6	ascending	growing threat
1M7	1M11	harmonic	 
1M7	1M11	ascending	annoyance
1M7	1m11	harmonic	annoyance
1M7	1m11	ascending	annoyance
1M7	1∅7	harmonic	growing threat
1M7	1∅7	ascending	growing threat
1M7	1+M7	harmonic	growing optimism
1M7	1+M7	ascending	 
1M7	1-7	harmonic	growing restful
1M7	1-7	ascending	 
1M7	1+7	harmonic	growing anticipation
1M7	1+7	ascending	 
1M7	1add2	harmonic	 
1M7	1add2	ascending	 
1M7	1add4	harmonic	sudden coherence
1M7	1add4	ascending	sudden optimism
1M7	1add9	harmonic	 
1M7	1add9	ascending	 
1M7	1M79	harmonic	 
1M7	1M79	ascending	growing confused optimism
1M7	1m79	harmonic	growing optimism
1M7	1m79	ascending	growing optimism
1M7	1M911	harmonic	annoyance
1M7	1M911	ascending	confused wonder
1M7	1m911	harmonic	bewildered wonder
1M7	1m911	ascending	 
1M7	1m3	harmonic	growing coherent wonder
1M7	1m3	ascending	growing threatening wonder
1M7	1M3	harmonic	sudden coherence
1M7	1M3	ascending	sudden coherence
1M7	1P4	harmonic	sudden finality
1M7	1P4	ascending	sudden coherent finality
1M7	1P5	harmonic	sudden optimistic finality
1M7	1P5	ascending	sudden optimistic finality
1M7	1P1	harmonic	sudden blissful finality
1M7	1P1	ascending	 
1m7	1M	harmonic	sudden optimistic finality
1m7	1M	ascending	sudden optimistic finality
1m7	1m	harmonic	sudden optimistic finality
1m7	1m	ascending	sudden optimistic finality
1m7	1s2	harmonic	sudden wonderous finality
1m7	1s2	ascending	sudden wonderous finality
1m7	1s4	harmonic	sudden wonderous finality
1m7	1s4	ascending	sudden wonderous finality
1m7	1+	harmonic	sudden growing finality
1m7	1+	ascending	sudden growing finality
1m7	1-	harmonic	sudden nuanced optimistic finality
1m7	1-	ascending	sudden nuanced optimistic finality
1m7	1M7	harmonic	 
1m7	1M7	ascending	 
1m7	1m7	harmonic	 
1m7	1m7	ascending	nuance
1m7	1Mm7	harmonic	coherence
1m7	1Mm7	ascending	 
1m7	1mM7	harmonic	annoyance
1m7	1mM7	ascending	nuanced growing threat
1m7	1M9	harmonic	 
1m7	1M9	ascending	 
1m7	1m9	harmonic	sudden wrongness
1m7	1m9	ascending	sudden wrongness
1m7	1M6	harmonic	sudden resolution
1m7	1M6	ascending	 
1m7	1m6	harmonic	sudden despair
1m7	1m6	ascending	sudden despair
1m7	1M11	harmonic	annoyance
1m7	1M11	ascending	annoyance
1m7	1m11	harmonic	annoyance
1m7	1m11	ascending	annoyance
1m7	1∅7	harmonic	growing despair
1m7	1∅7	ascending	 
1m7	1+M7	harmonic	 
1m7	1+M7	ascending	growing mystery
1m7	1-7	harmonic	 
1m7	1-7	ascending	growing mystery
1m7	1+7	harmonic	 
1m7	1+7	ascending	growing mystery
1m7	1add2	harmonic	sudden coherence
1m7	1add2	ascending	sudden coherence
1m7	1add4	harmonic	 
1m7	1add4	ascending	 
1m7	1add9	harmonic	 
1m7	1add9	ascending	 
1m7	1M79	harmonic	 
1m7	1M79	ascending	 
1m7	1m79	harmonic	 
1m7	1m79	ascending	confused growing optimism
1m7	1M911	harmonic	annoyance
1m7	1M911	ascending	annoyance
1m7	1m911	harmonic	annoyance
1m7	1m911	ascending	confused growing optimism
1m7	1m3	harmonic	sudden optimistic coherence
1m7	1m3	ascending	sudden optimistic coherence
1m7	1M3	harmonic	sudden optimistic resolution
1m7	1M3	ascending	sudden optimistic resolution
1m7	1P4	harmonic	sudden blissful resolution
1m7	1P4	ascending	sudden blissful resolution
1m7	1P5	harmonic	sudden blissful finality
1m7	1P5	ascending	sudden blissful finality
1m7	1P1	harmonic	sudden blissful finality
1m7	1P1	ascending	sudden blissful finality
1Mm7	1M	harmonic	sudden blissful resolution
1Mm7	1M	ascending	sudden blissful resolution
1Mm7	1m	harmonic	sudden bittersweet resolution
1Mm7	1m	ascending	sudden bittersweet resolution
1Mm7	1s2	harmonic	sudden nuanced bittersweet resolution
1Mm7	1s2	ascending	sudden nuanced bittersweet resolution
1Mm7	1s4	harmonic	sudden blissful resolution
1Mm7	1s4	ascending	sudden blissful resolution
1Mm7	1+	harmonic	sudden blissful finality
1Mm7	1+	ascending	sudden wonderous blissful resolution
1Mm7	1-	harmonic	sudden nuanced blissful resolution
1Mm7	1-	ascending	sudden nuanced blissful resolution
1Mm7	1M7	harmonic	 
1Mm7	1M7	ascending	wonder
1Mm7	1m7	harmonic	 
1Mm7	1m7	ascending	 
1Mm7	1Mm7	harmonic	 
1Mm7	1Mm7	ascending	 
1Mm7	1mM7	harmonic	confused horror
1Mm7	1mM7	ascending	creepy mystery
1Mm7	1M9	harmonic	sudden bliss
1Mm7	1M9	ascending	sudden bliss
1Mm7	1m9	harmonic	sudden threat
1Mm7	1m9	ascending	sudden threat
1Mm7	1M6	harmonic	 
1Mm7	1M6	ascending	suddenly ominous
1Mm7	1m6	harmonic	sudden coherence
1Mm7	1m6	ascending	ominous
1Mm7	1M11	harmonic	annoyance
1Mm7	1M11	ascending	annoyance
1Mm7	1m11	harmonic	annoyance
1Mm7	1m11	ascending	annoyance
1Mm7	1∅7	harmonic	 
1Mm7	1∅7	ascending	 
1Mm7	1+M7	harmonic	 
1Mm7	1+M7	ascending	growing mystery
1Mm7	1-7	harmonic	 
1Mm7	1-7	ascending	growing creepy mystery
1Mm7	1+7	harmonic	 
1Mm7	1+7	ascending	growing mystery
1Mm7	1add2	harmonic	 
1Mm7	1add2	ascending	 
1Mm7	1add4	harmonic	 
1Mm7	1add4	ascending	 
1Mm7	1add9	harmonic	 
1Mm7	1add9	ascending	 
1Mm7	1M79	harmonic	annoyance
1Mm7	1M79	ascending	confused wonder
1Mm7	1m79	harmonic	sudden confused resolution
1Mm7	1m79	ascending	sudden confused optimistic resolution
1Mm7	1M911	harmonic	annoyance
1Mm7	1M911	ascending	annoyance
1Mm7	1m911	harmonic	nuanced resolution
1Mm7	1m911	ascending	nuanced resolution
1Mm7	1m3	harmonic	confused resolution
1Mm7	1m3	ascending	confused resolution
1Mm7	1M3	harmonic	confused blissful resolution
1Mm7	1M3	ascending	confused blissful resolution
1Mm7	1P4	harmonic	confused blissful resolution
1Mm7	1P4	ascending	confused blissful resolution
1Mm7	1P5	harmonic	confused blissful finality
1Mm7	1P5	ascending	confused blissful finality
1Mm7	1P1	harmonic	confused blissful finality
1Mm7	1P1	ascending	confused blissful finality
1mM7	1M	harmonic	optimistic blissful finality
1mM7	1M	ascending	optimistic blissful finality
1mM7	1m	harmonic	confused optimistic finality
1mM7	1m	ascending	nuanced optimistic finality
1mM7	1s2	harmonic	confused optimistic finality
1mM7	1s2	ascending	mysterious optimistic finality
1mM7	1s4	harmonic	mysterious optimistic finality
1mM7	1s4	ascending	mysterious optimistic finality
1mM7	1+	harmonic	mysterious optimistic finality
1mM7	1+	ascending	mysterious optimistic finality
1mM7	1-	harmonic	 
1mM7	1-	ascending	 
1mM7	1M7	harmonic	 
1mM7	1M7	ascending	 
1mM7	1m7	harmonic	 
1mM7	1m7	ascending	creepy mystery
1mM7	1Mm7	harmonic	 
1mM7	1Mm7	ascending	creepy mystery
1mM7	1mM7	harmonic	 
1mM7	1mM7	ascending	 
1mM7	1M9	harmonic	confused optimism
1mM7	1M9	ascending	 
1mM7	1m9	harmonic	confused terror
1mM7	1m9	ascending	confused horror
1mM7	1M6	harmonic	 
1mM7	1M6	ascending	 
1mM7	1m6	harmonic	sudden coherent despair
1mM7	1m6	ascending	creepy mystery
1mM7	1M11	harmonic	annoyance
1mM7	1M11	ascending	annoyance
1mM7	1m11	harmonic	annoyance
1mM7	1m11	ascending	annoyance
1mM7	1∅7	harmonic	 
1mM7	1∅7	ascending	ominous mystery
1mM7	1+M7	harmonic	 
1mM7	1+M7	ascending	 
1mM7	1-7	harmonic	 
1mM7	1-7	ascending	 
1mM7	1+7	harmonic	 
1mM7	1+7	ascending	 
1mM7	1add2	harmonic	sudden coherence
1mM7	1add2	ascending	 
1mM7	1add4	harmonic	sudden coherence
1mM7	1add4	ascending	sudden coherence
1mM7	1add9	harmonic	 
1mM7	1add9	ascending	 
1mM7	1M79	harmonic	annoyance
1mM7	1M79	ascending	beautiful nuance
1mM7	1m79	harmonic	annoyance
1mM7	1m79	ascending	beautiful bittersweet nuance
1mM7	1M911	harmonic	annoyance
1mM7	1M911	ascending	annoyance
1mM7	1m911	harmonic	annoyance
1mM7	1m911	ascending	beautiful nuance
1mM7	1m3	harmonic	annoyance
1mM7	1m3	ascending	beautiful mysterious nuance
1mM7	1M3	harmonic	confused finality
1mM7	1M3	ascending	beautiful confused finality
1mM7	1P4	harmonic	confused blissful finality
1mM7	1P4	ascending	beautiful mysterious finality
1mM7	1P5	harmonic	beautiful blissful finality
1mM7	1P5	ascending	beautiful blissful finality
1mM7	1P1	harmonic	beautiful blissful finality
1mM7	1P1	ascending	beautiful blissful finality
1M9	1M	harmonic	sudden beautiful coherence
1M9	1M	ascending	sudden beautiful coherence
1M9	1m	harmonic	sudden bittersweet coherence
1M9	1m	ascending	sudden bittersweet coherence
1M9	1s2	harmonic	sudden bittersweet resolution
1M9	1s2	ascending	sudden bittersweet resolution
1M9	1s4	harmonic	beautiful sudden resolution
1M9	1s4	ascending	beautiful sudden resolution
1M9	1+	harmonic	confused build
1M9	1+	ascending	confused mysterious build
1M9	1-	harmonic	confused mysterious resolution
1M9	1-	ascending	confused mysterious resolution
1M9	1M7	harmonic	 
1M9	1M7	ascending	 
1M9	1m7	harmonic	 
1M9	1m7	ascending	beautiful nuance
1M9	1Mm7	harmonic	 
1M9	1Mm7	ascending	beautiful sorrow
1M9	1mM7	harmonic	confused terror
1M9	1mM7	ascending	beautiful creepy mystery
1M9	1M9	harmonic	 
1M9	1M9	ascending	 
1M9	1m9	harmonic	confused terror
1M9	1m9	ascending	annoyance
1M9	1M6	harmonic	 
1M9	1M6	ascending	 
1M9	1m6	harmonic	sudden despair
1M9	1m6	ascending	sudden creepy mystery
1M9	1M11	harmonic	annoyance
1M9	1M11	ascending	annoyance
1M9	1m11	harmonic	growing confusion
1M9	1m11	ascending	growing confusion
1M9	1∅7	harmonic	 
1M9	1∅7	ascending	beautiful mystery
1M9	1+M7	harmonic	annoyance
1M9	1+M7	ascending	mysterious
1M9	1-7	harmonic	 
1M9	1-7	ascending	 
1M9	1+7	harmonic	 
1M9	1+7	ascending	 
1M9	1add2	harmonic	 
1M9	1add2	ascending	 
1M9	1add4	harmonic	 
1M9	1add4	ascending	 
1M9	1add9	harmonic	 
1M9	1add9	ascending	 
1M9	1M79	harmonic	annoyance
1M9	1M79	ascending	annoyance
1M9	1m79	harmonic	annoyance
1M9	1m79	ascending	annoyance
1M9	1M911	harmonic	annoyance
1M9	1M911	ascending	annoyance
1M9	1m911	harmonic	annoyance
1M9	1m911	ascending	beautiful confusion
1M9	1m3	harmonic	annoyance
1M9	1m3	ascending	annoyance
1M9	1M3	harmonic	resolution
1M9	1M3	ascending	resolution
1M9	1P4	harmonic	finality
1M9	1P4	ascending	beautiful finality
1M9	1P5	harmonic	beautiful finality
1M9	1P5	ascending	beautiful finality
1M9	1P1	harmonic	confused finality
1M9	1P1	ascending	beautiful finality
1m9	1M	harmonic	 
1m9	1M	ascending	ominous mystery
1m9	1m	harmonic	 
1m9	1m	ascending	ominous mystery
1m9	1s2	harmonic	 
1m9	1s2	ascending	ominous mystery
1m9	1s4	harmonic	nuanced ominous mystery
1m9	1s4	ascending	ominous mystery
1m9	1+	harmonic	 
1m9	1+	ascending	ominous
1m9	1-	harmonic	 
1m9	1-	ascending	ominous mysterious threat
1m9	1M7	harmonic	 
1m9	1M7	ascending	 
1m9	1m7	harmonic	 
1m9	1m7	ascending	 
1m9	1Mm7	harmonic	 
1m9	1Mm7	ascending	 
1m9	1mM7	harmonic	annoyance
1m9	1mM7	ascending	annoyance
1m9	1M9	harmonic	annoyance
1m9	1M9	ascending	annoyance
1m9	1m9	harmonic	 
1m9	1m9	ascending	annoyance
1m9	1M6	harmonic	annoyance
1m9	1M6	ascending	annoyance confusion
1m9	1m6	harmonic	growing coherence
1m9	1m6	ascending	growing coherent mystery
1m9	1M11	harmonic	annoyance
1m9	1M11	ascending	annoyance
1m9	1m11	harmonic	annoyance
1m9	1m11	ascending	annoyance
1m9	1∅7	harmonic	annoyance
1m9	1∅7	ascending	annoyance
1m9	1+M7	harmonic	annoyance
1m9	1+M7	ascending	annoyance
1m9	1-7	harmonic	annoyance
1m9	1-7	ascending	annoyance
1m9	1+7	harmonic	annoyance
1m9	1+7	ascending	annoyance
1m9	1add2	harmonic	annoyance
1m9	1add2	ascending	annoyance confusion
1m9	1add4	harmonic	 
1m9	1add4	ascending	 
1m9	1add9	harmonic	annoyance
1m9	1add9	ascending	annoyance
1m9	1M79	harmonic	god damn annoyance
1m9	1M79	ascending	annoyance
1m9	1m79	harmonic	god damn annoyance
1m9	1m79	ascending	annoyance
1m9	1M911	harmonic	fucking annoyance
1m9	1M911	ascending	still annoyance
1m9	1m911	harmonic	miserable annoyance
1m9	1m911	ascending	complex
1m9	1m3	harmonic	annoyance
1m9	1m3	ascending	complex
1m9	1M3	harmonic	annoyance
1m9	1M3	ascending	annoyance finality
1m9	1P4	harmonic	annoyance
1m9	1P4	ascending	complex resolution
1m9	1P5	harmonic	annoyance finality
1m9	1P5	ascending	complex resolution
1m9	1P1	harmonic	complex finality
1m9	1P1	ascending	complex finality
1M6	1M	harmonic	coherence
1M6	1M	ascending	growing coherence
1M6	1m	harmonic	growing coherence
1M6	1m	ascending	growing coherence
1M6	1s2	harmonic	growing coherence
1M6	1s2	ascending	growing coherence
1M6	1s4	harmonic	growing optimistic coherence
1M6	1s4	ascending	growing optimistic coherence
1M6	1+	harmonic	 
1M6	1+	ascending	complex tension
1M6	1-	harmonic	complex resolution
1M6	1-	ascending	complex resolution
1M6	1M7	harmonic	annoyance
1M6	1M7	ascending	 
1M6	1m7	harmonic	 
1M6	1m7	ascending	nuance
1M6	1Mm7	harmonic	annoyance
1M6	1Mm7	ascending	nuanced anticipation
1M6	1mM7	harmonic	 
1M6	1mM7	ascending	 
1M6	1M9	harmonic	annoyance
1M6	1M9	ascending	 
1M6	1m9	harmonic	annoyance
1M6	1m9	ascending	annoyance
1M6	1M6	harmonic	 
1M6	1M6	ascending	 
1M6	1m6	harmonic	apprehension
1M6	1m6	ascending	ominous
1M6	1M11	harmonic	annoyance
1M6	1M11	ascending	annoyance
1M6	1m11	harmonic	annoyance
1M6	1m11	ascending	annoyance
1M6	1∅7	harmonic	annoyance
1M6	1∅7	ascending	compelling mystery
1M6	1+M7	harmonic	annoyance
1M6	1+M7	ascending	compelling mystery
1M6	1-7	harmonic	annoyance
1M6	1-7	ascending	annoyance
1M6	1+7	harmonic	annoyance
1M6	1+7	ascending	annoyance
1M6	1add2	harmonic	 
1M6	1add2	ascending	 
1M6	1add4	harmonic	 
1M6	1add4	ascending	beautiful resolution
1M6	1add9	harmonic	annoyance
1M6	1add9	ascending	annoyance
1M6	1M79	harmonic	annoyance
1M6	1M79	ascending	complex beauty
1M6	1m79	harmonic	annoying
1M6	1m79	ascending	complex beauty
1M6	1M911	harmonic	annoyance
1M6	1M911	ascending	annoyance
1M6	1m911	harmonic	annoyance
1M6	1m911	ascending	complex beauty
1M6	1m3	harmonic	annoyance
1M6	1m3	ascending	complex beauty
1M6	1M3	harmonic	annoyance
1M6	1M3	ascending	complex beauty
1M6	1P4	harmonic	annoyance
1M6	1P4	ascending	complex beauty
1M6	1P5	harmonic	annoyance
1M6	1P5	ascending	complex beauty
1M6	1P1	harmonic	annoyance
1M6	1P1	ascending	complex beauty
1m6	1M	harmonic	complex beauty
1m6	1M	ascending	mysterious beauty
1m6	1m	harmonic	complex resolution
1m6	1m	ascending	mysterious resolution
1m6	1s2	harmonic	complex resolution
1m6	1s2	ascending	mysterious resolution
1m6	1s4	harmonic	complex imperious resolution
1m6	1s4	ascending	complex imperious resolution
1m6	1+	harmonic	 
1m6	1+	ascending	 
1m6	1-	harmonic	annoyance
1m6	1-	ascending	sudden mysterious resolution
1m6	1M7	harmonic	revelation
1m6	1M7	ascending	mystery
1m6	1m7	harmonic	 
1m6	1m7	ascending	mysterious progress
1m6	1Mm7	harmonic	 
1m6	1Mm7	ascending	threatening progress
1m6	1mM7	harmonic	 
1m6	1mM7	ascending	creepy
1m6	1M9	harmonic	 
1m6	1M9	ascending	 
1m6	1m9	harmonic	 
1m6	1m9	ascending	 
1m6	1M6	harmonic	 
1m6	1M6	ascending	 
1m6	1m6	harmonic	 
1m6	1m6	ascending	 
1m6	1M11	harmonic	annoyance
1m6	1M11	ascending	annoyance
1m6	1m11	harmonic	annoyance
1m6	1m11	ascending	annoyance
1m6	1∅7	harmonic	 
1m6	1∅7	ascending	moody mysterious progress
1m6	1+M7	harmonic	 
1m6	1+M7	ascending	mysterious progress
1m6	1-7	harmonic	 
1m6	1-7	ascending	 
1m6	1+7	harmonic	 
1m6	1+7	ascending	 
1m6	1add2	harmonic	relief
1m6	1add2	ascending	relief
1m6	1add4	harmonic	resolution
1m6	1add4	ascending	progress
1m6	1add9	harmonic	 
1m6	1add9	ascending	 
1m6	1M79	harmonic	 
1m6	1M79	ascending	 
1m6	1m79	harmonic	 
1m6	1m79	ascending	 
1m6	1M911	harmonic	 
1m6	1M911	ascending	 
1m6	1m911	harmonic	progressive resolution
1m6	1m911	ascending	progressive resolution
1m6	1m3	harmonic	 
1m6	1m3	ascending	threatening simplification
1m6	1M3	harmonic	wonderous resolution
1m6	1M3	ascending	wonderous resolution
1m6	1P4	harmonic	wonderous resolution
1m6	1P4	ascending	wonderous resolution
1m6	1P5	harmonic	wonderous finality
1m6	1P5	ascending	wonderous mysterious finality
1m6	1P1	harmonic	wonderous mysterious finality
1m6	1P1	ascending	wonderous mysterious finality
1M11	1M	harmonic	finality and resolution
1M11	1M	ascending	resolution
1M11	1m	harmonic	resolution
1M11	1m	ascending	resolution
1M11	1s2	harmonic	nuanced resolution
1M11	1s2	ascending	nuanced resolution
1M11	1s4	harmonic	harmonious resolution
1M11	1s4	ascending	harmonious resolution
1M11	1+	harmonic	growing anticipation
1M11	1+	ascending	anticipation
1M11	1-	harmonic	disappointment
1M11	1-	ascending	ominous disappointment
1M11	1M7	harmonic	 
1M11	1M7	ascending	disappointment
1M11	1m7	harmonic	disappointed resolution
1M11	1m7	ascending	disappointed resolution
1M11	1Mm7	harmonic	disappointed resolution
1M11	1Mm7	ascending	disappointed resolution
1M11	1mM7	harmonic	ominous resolution
1M11	1mM7	ascending	ominous resolution
1M11	1M9	harmonic	 
1M11	1M9	ascending	ambiguity
1M11	1m9	harmonic	disappointed apprehension
1M11	1m9	ascending	growing apprehension
1M11	1M6	harmonic	disappointed apprehension
1M11	1M6	ascending	 
1M11	1m6	harmonic	resolution
1M11	1m6	ascending	ominous resolution
1M11	1M11	harmonic	annoyance
1M11	1M11	ascending	annoyance
1M11	1m11	harmonic	confused fear
1M11	1m11	ascending	confused fear
1M11	1∅7	harmonic	disappointed resolution
1M11	1∅7	ascending	disappointed resolution
1M11	1+M7	harmonic	growing confusion
1M11	1+M7	ascending	growing confusion
1M11	1-7	harmonic	disappointed resolution
1M11	1-7	ascending	disappointed resolution
1M11	1+7	harmonic	 
1M11	1+7	ascending	 
1M11	1add2	harmonic	sudden relieved resolution
1M11	1add2	ascending	sudden relieved resolution
1M11	1add4	harmonic	sudden harmonious resolution
1M11	1add4	ascending	sudden harmonious progress
1M11	1add9	harmonic	 
1M11	1add9	ascending	sustained confusion
1M11	1M79	harmonic	confused harmony
1M11	1M79	ascending	beautiful confused harmony
1M11	1m79	harmonic	beautiful confused harmony
1M11	1m79	ascending	beautiful confused harmony
1M11	1M911	harmonic	confusion
1M11	1M911	ascending	 
1M11	1m911	harmonic	sustained confusion
1M11	1m911	ascending	beautiful confused harmony
1M11	1m3	harmonic	sudden mournful resolution
1M11	1m3	ascending	sudden mournful resolution
1M11	1M3	harmonic	sudden resolution
1M11	1M3	ascending	sudden confused resolution
1M11	1P4	harmonic	confused resolution
1M11	1P4	ascending	confused progress
1M11	1P5	harmonic	confused finality
1M11	1P5	ascending	beautiful confused finality
1M11	1P1	harmonic	confused finality
1M11	1P1	ascending	confused finality
1m11	1M	harmonic	resolution
1m11	1M	ascending	resolution
1m11	1m	harmonic	confused resolution
1m11	1m	ascending	confused mournful resolution
1m11	1s2	harmonic	confused resolution
1m11	1s2	ascending	confused resolution
1m11	1s4	harmonic	wonderous confused resolution
1m11	1s4	ascending	wonderous confused resolution
1m11	1+	harmonic	growing anticipation
1m11	1+	ascending	growing anticipation
1m11	1-	harmonic	growing disappointment
1m11	1-	ascending	ominous growing disappointment
1m11	1M7	harmonic	 
1m11	1M7	ascending	 
1m11	1m7	harmonic	confused mournful resolution
1m11	1m7	ascending	confused mournful resolution
1m11	1Mm7	harmonic	confused resolution
1m11	1Mm7	ascending	confused resolution
1m11	1mM7	harmonic	 
1m11	1mM7	ascending	 
1m11	1M9	harmonic	beautiful harmonious resolution
1m11	1M9	ascending	harmonious resolution
1m11	1m9	harmonic	disappointed resolution
1m11	1m9	ascending	apprehensive resolution
1m11	1M6	harmonic	 
1m11	1M6	ascending	 
1m11	1m6	harmonic	confused mournful resolution
1m11	1m6	ascending	confused mournful resolution
1m11	1M11	harmonic	growing confused apprehension
1m11	1M11	ascending	growing confused apprehension
1m11	1m11	harmonic	 
1m11	1m11	ascending	 
1m11	1∅7	harmonic	apprehension
1m11	1∅7	ascending	ominous apprehension
1m11	1+M7	harmonic	growing apprehension
1m11	1+M7	ascending	growing apprehension
1m11	1-7	harmonic	diminishing apprehension
1m11	1-7	ascending	diminishing apprehension
1m11	1+7	harmonic	growing apprehension
1m11	1+7	ascending	growing apprehension
1m11	1add2	harmonic	sudden resolution
1m11	1add2	ascending	sudden resolution
1m11	1add4	harmonic	sudden resolution
1m11	1add4	ascending	sudden progressive resolution
1m11	1add9	harmonic	sudden harmonious resolution
1m11	1add9	ascending	sudden harmonious resolution
1m11	1M79	harmonic	beautiful harmonious resolution
1m11	1M79	ascending	confused harmony
1m11	1m79	harmonic	beautiful harmonious resolution
1m11	1m79	ascending	beautiful harmonious resolution
1m11	1M911	harmonic	annoyance
1m11	1M911	ascending	annoyance
1m11	1m911	harmonic	sustained annoyance
1m11	1m911	ascending	sustained annoyance
1m11	1m3	harmonic	sudden despairing resolution
1m11	1m3	ascending	despairing resolution
1m11	1M3	harmonic	sudden harmonious resolution
1m11	1M3	ascending	sudden mysterious wonderous harmonious resolution
1m11	1P4	harmonic	sudden harmonious resolution
1m11	1P4	ascending	 
1m11	1P5	harmonic	sudden harmonious resolution
1m11	1P5	ascending	sudden harmonious resolution
1m11	1P1	harmonic	sudden finality
1m11	1P1	ascending	sudden finality
1∅7	1M	harmonic	harmonious resolution
1∅7	1M	ascending	progressive resolution
1∅7	1m	harmonic	progressive resolution
1∅7	1m	ascending	progressive resolution
1∅7	1s2	harmonic	progressive resolution
1∅7	1s2	ascending	optimistic progressive resolution
1∅7	1s4	harmonic	beautiful harmonious resolution
1∅7	1s4	ascending	beautiful progressive resolution
1∅7	1+	harmonic	confused resolution
1∅7	1+	ascending	mysterious resolution
1∅7	1-	harmonic	 
1∅7	1-	ascending	mysterious resolution
1∅7	1M7	harmonic	 
1∅7	1M7	ascending	 
1∅7	1m7	harmonic	 
1∅7	1m7	ascending	 
1∅7	1Mm7	harmonic	mild resolution
1∅7	1Mm7	ascending	 
1∅7	1mM7	harmonic	growing apprehension
1∅7	1mM7	ascending	growing apprehension
1∅7	1M9	harmonic	 
1∅7	1M9	ascending	 
1∅7	1m9	harmonic	 
1∅7	1m9	ascending	apprehension
1∅7	1M6	harmonic	 
1∅7	1M6	ascending	 
1∅7	1m6	harmonic	apprehensive resolution
1∅7	1m6	ascending	ominous resolution
1∅7	1M11	harmonic	annoyance
1∅7	1M11	ascending	annoyance
1∅7	1m11	harmonic	annoyance
1∅7	1m11	ascending	annoyance
1∅7	1∅7	harmonic	 
1∅7	1∅7	ascending	 
1∅7	1+M7	harmonic	 
1∅7	1+M7	ascending	ominous
1∅7	1-7	harmonic	ominous resolution
1∅7	1-7	ascending	ominous resolution
1∅7	1+7	harmonic	 
1∅7	1+7	ascending	growing apprehension
1∅7	1add2	harmonic	sudden peaceful resolution
1∅7	1add2	ascending	sudden peaceful resolution
1∅7	1add4	harmonic	sudden resolution
1∅7	1add4	ascending	sudden progressive resolution
1∅7	1add9	harmonic	 
1∅7	1add9	ascending	 
1∅7	1M79	harmonic	 
1∅7	1M79	ascending	 
1∅7	1m79	harmonic	annoyance
1∅7	1m79	ascending	beautiful confused wonder
1∅7	1M911	harmonic	annoyance
1∅7	1M911	ascending	 
1∅7	1m911	harmonic	 
1∅7	1m911	ascending	 
1∅7	1m3	harmonic	 
1∅7	1m3	ascending	 
1∅7	1M3	harmonic	 
1∅7	1M3	ascending	 
1∅7	1P4	harmonic	 
1∅7	1P4	ascending	mysterious
1∅7	1P5	harmonic	 
1∅7	1P5	ascending	mysterious finality
1∅7	1P1	harmonic	mysterious finality
1∅7	1P1	ascending	 
1+M7	1M	harmonic	 
1+M7	1M	ascending	 
1+M7	1m	harmonic	scary finality
1+M7	1m	ascending	creepy finality
1+M7	1s2	harmonic	resolution
1+M7	1s2	ascending	nuanced resolution
1+M7	1s4	harmonic	harmonious resolution
1+M7	1s4	ascending	harmonious resolution
1+M7	1+	harmonic	 
1+M7	1+	ascending	 
1+M7	1-	harmonic	 
1+M7	1-	ascending	 
1+M7	1M7	harmonic	 
1+M7	1M7	ascending	 
1+M7	1m7	harmonic	growing despair
1+M7	1m7	ascending	growing sorrow
1+M7	1Mm7	harmonic	growing sorrow
1+M7	1Mm7	ascending	ominous
1+M7	1mM7	harmonic	horrific despair
1+M7	1mM7	ascending	 
1+M7	1M9	harmonic	 
1+M7	1M9	ascending	 
1+M7	1m9	harmonic	apprehension
1+M7	1m9	ascending	horror
1+M7	1M6	harmonic	relief
1+M7	1M6	ascending	 
1+M7	1m6	harmonic	apprehensive coherence
1+M7	1m6	ascending	creepy
1+M7	1M11	harmonic	 
1+M7	1M11	ascending	annoyance
1+M7	1m11	harmonic	annoyance
1+M7	1m11	ascending	annoyance
1+M7	1∅7	harmonic	growing despair
1+M7	1∅7	ascending	creepy
1+M7	1+M7	harmonic	 
1+M7	1+M7	ascending	 
1+M7	1-7	harmonic	growing despair
1+M7	1-7	ascending	growing sorrow
1+M7	1+7	harmonic	 
1+M7	1+7	ascending	 
1+M7	1add2	harmonic	sudden resolution
1+M7	1add2	ascending	sudden resolution
1+M7	1add4	harmonic	sudden relief
1+M7	1add4	ascending	progress
1+M7	1add9	harmonic	 
1+M7	1add9	ascending	 
1+M7	1M79	harmonic	annoyance
1+M7	1M79	ascending	beautiful ambivalence
1+M7	1m79	harmonic	despair
1+M7	1m79	ascending	beautiful apprehension
1+M7	1M911	harmonic	annoyance
1+M7	1M911	ascending	annoyance
1+M7	1m911	harmonic	annoyance
1+M7	1m911	ascending	 
1+M7	1m3	harmonic	annoyance
1+M7	1m3	ascending	sudden resolution
1+M7	1M3	harmonic	sudden resolution
1+M7	1M3	ascending	sudden resolution
1+M7	1P4	harmonic	growing apprehension
1+M7	1P4	ascending	progress
1+M7	1P5	harmonic	apprehensive finality
1+M7	1P5	ascending	apprehensive finality
1+M7	1P1	harmonic	apprehensive finality
1+M7	1P1	ascending	apprehensive finality
1-7	1M	harmonic	resolution
1-7	1M	ascending	resolution
1-7	1m	harmonic	nuanced resolution
1-7	1m	ascending	resolution
1-7	1s2	harmonic	nuanced resolution
1-7	1s2	ascending	nuanced resolution
1-7	1s4	harmonic	confused resolution
1-7	1s4	ascending	confused resolution
1-7	1+	harmonic	growing apprehensive and harmonic resolution
1-7	1+	ascending	growing apprehension and harmonic resolution
1-7	1-	harmonic	resolution
1-7	1-	ascending	resolution
1-7	1M7	harmonic	growing relief
1-7	1M7	ascending	growing relief
1-7	1m7	harmonic	growing disappointment
1-7	1m7	ascending	growing disappointment
1-7	1Mm7	harmonic	growing disappointment
1-7	1Mm7	ascending	growing sorrow
1-7	1mM7	harmonic	 
1-7	1mM7	ascending	 
1-7	1M9	harmonic	 
1-7	1M9	ascending	 
1-7	1m9	harmonic	growing horror
1-7	1m9	ascending	growing horror
1-7	1M6	harmonic	growing relief
1-7	1M6	ascending	 
1-7	1m6	harmonic	 
1-7	1m6	ascending	growing ominous
1-7	1M11	harmonic	annoyance
1-7	1M11	ascending	annoyance
1-7	1m11	harmonic	annoyance
1-7	1m11	ascending	annoyance
1-7	1∅7	harmonic	growing apprehension
1-7	1∅7	ascending	growing foreboding
1-7	1+M7	harmonic	 
1-7	1+M7	ascending	complex mystery
1-7	1-7	harmonic	 
1-7	1-7	ascending	foreboding
1-7	1+7	harmonic	growing apprehension
1-7	1+7	ascending	growing mystery
1-7	1add2	harmonic	sudden relief
1-7	1add2	ascending	 
1-7	1add4	harmonic	sudden clarity
1-7	1add4	ascending	progress
1-7	1add9	harmonic	 
1-7	1add9	ascending	 
1-7	1M79	harmonic	growing apprehension
1-7	1M79	ascending	growing mystery
1-7	1m79	harmonic	annoyance
1-7	1m79	ascending	growing mystery
1-7	1M911	harmonic	annoyance
1-7	1M911	ascending	annoyance
1-7	1m911	harmonic	annoyance
1-7	1m911	ascending	intrigue
1-7	1m3	harmonic	 
1-7	1m3	ascending	 
1-7	1M3	harmonic	sudden resolution
1-7	1M3	ascending	sudden resolution
1-7	1P4	harmonic	epiphany
1-7	1P4	ascending	epiphany
1-7	1P5	harmonic	epiphany
1-7	1P5	ascending	epiphany
1-7	1P1	harmonic	finality
1-7	1P1	ascending	finality
1+7	1M	harmonic	resolution
1+7	1M	ascending	resolution
1+7	1m	harmonic	apprehensive resolution
1+7	1m	ascending	apprehensive resolution
1+7	1s2	harmonic	resolution
1+7	1s2	ascending	nuanced resolution
1+7	1s4	harmonic	growing complexity
1+7	1s4	ascending	progress
1+7	1+	harmonic	growing 
1+7	1+	ascending	progress
1+7	1-	harmonic	growing apprehension
1+7	1-	ascending	intricate resolution
1+7	1M7	harmonic	 
1+7	1M7	ascending	 
1+7	1m7	harmonic	growing despair
1+7	1m7	ascending	growing despair
1+7	1Mm7	harmonic	growing apprehension
1+7	1Mm7	ascending	growing apprehension
1+7	1mM7	harmonic	 
1+7	1mM7	ascending	 
1+7	1M9	harmonic	 
1+7	1M9	ascending	 
1+7	1m9	harmonic	growing horror
1+7	1m9	ascending	growing horror
1+7	1M6	harmonic	growing relief
1+7	1M6	ascending	growing relief
1+7	1m6	harmonic	nuanced relief
1+7	1m6	ascending	nuanced relief
1+7	1M11	harmonic	annoyance
1+7	1M11	ascending	annoyance
1+7	1m11	harmonic	growing complexity
1+7	1m11	ascending	growing complexity
1+7	1∅7	harmonic	growing disappointment
1+7	1∅7	ascending	growing disappointment
1+7	1+M7	harmonic	 
1+7	1+M7	ascending	 
1+7	1-7	harmonic	growing disappointment
1+7	1-7	ascending	growing disappointment
1+7	1+7	harmonic	 
1+7	1+7	ascending	 
1+7	1add2	harmonic	sudden relief
1+7	1add2	ascending	sudden relief
1+7	1add4	harmonic	sudden harmonious relief
1+7	1add4	ascending	sudden harmonious relief
1+7	1add9	harmonic	growing complexity
1+7	1add9	ascending	growing complexity
1+7	1M79	harmonic	annoyance
1+7	1M79	ascending	intricacy
1+7	1m79	harmonic	apprehension
1+7	1m79	ascending	intricate apprehension
1+7	1M911	harmonic	annoyance
1+7	1M911	ascending	intrigue
1+7	1m911	harmonic	growing relief
1+7	1m911	ascending	growing relief
1+7	1m3	harmonic	growing relief
1+7	1m3	ascending	mystery
1+7	1M3	harmonic	growing resolution
1+7	1M3	ascending	growing resolution
1+7	1P4	harmonic	growing resolution
1+7	1P4	ascending	progress
1+7	1P5	harmonic	finality
1+7	1P5	ascending	mysterious finality
1+7	1P1	harmonic	finality
1+7	1P1	ascending	mysterious finality
1add2	1M	harmonic	blissful resolution
1add2	1M	ascending	blissful resolution
1add2	1m	harmonic	bittersweet resolution
1add2	1m	ascending	beautiful bittersweet resolution
1add2	1s2	harmonic	beautiful resolution
1add2	1s2	ascending	beautiful resolution
1add2	1s4	harmonic	blissful growing coherence
1add2	1s4	ascending	beautiful progress
1add2	1+	harmonic	beautiful growing anticipation
1add2	1+	ascending	beautiful growing anticipation
1add2	1-	harmonic	beautiful but growing apprehension
1add2	1-	ascending	beautiful wonder
1add2	1M7	harmonic	 
1add2	1M7	ascending	beautiful
1add2	1m7	harmonic	beautiful nuance
1add2	1m7	ascending	beautiful ominous
1add2	1Mm7	harmonic	beautiful wonder
1add2	1Mm7	ascending	beautiful growing wonder
1add2	1mM7	harmonic	 
1add2	1mM7	ascending	beautiful nuance
1add2	1M9	harmonic	 
1add2	1M9	ascending	annoyance
1add2	1m9	harmonic	annoyance
1add2	1m9	ascending	annoyance
1add2	1M6	harmonic	blissful
1add2	1M6	ascending	beautiful
1add2	1m6	harmonic	beautiful nuanced wonder
1add2	1m6	ascending	beautiful ominous
1add2	1M11	harmonic	annoyance
1add2	1M11	ascending	annoyance
1add2	1m11	harmonic	annoyance
1add2	1m11	ascending	annoyance
1add2	1∅7	harmonic	beautiful nuance
1add2	1∅7	ascending	beautiful ominous wonder
1add2	1+M7	harmonic	beautiful growing nuanced anticipation
1add2	1+M7	ascending	beautiful growing ominous wonder
1add2	1-7	harmonic	 
1add2	1-7	ascending	beautiful ominous
1add2	1+7	harmonic	 
1add2	1+7	ascending	beautiful ominous
1add2	1add2	harmonic	 
1add2	1add2	ascending	 
1add2	1add4	harmonic	beautiful harmonious
1add2	1add4	ascending	beautiful progress
1add2	1add9	harmonic	 
1add2	1add9	ascending	 
1add2	1M79	harmonic	complex beauty
1add2	1M79	ascending	complex beauty
1add2	1m79	harmonic	beautiful harmony
1add2	1m79	ascending	beautiful bittersweet harmony
1add2	1M911	harmonic	annoyance
1add2	1M911	ascending	annoyance
1add2	1m911	harmonic	complex beauty
1add2	1m911	ascending	complex beauty
1add2	1m3	harmonic	beautiful harmony
1add2	1m3	ascending	beautiful wonder
1add2	1M3	harmonic	beautiful resolution
1add2	1M3	ascending	beautiful resolution
1add2	1P4	harmonic	beautiful finality
1add2	1P4	ascending	beautiful resolution
1add2	1P5	harmonic	beautiful resolution
1add2	1P5	ascending	beautiful resolution
1add2	1P1	harmonic	beautiful resolution
1add2	1P1	ascending	beautiful resolution
1add4	1M	harmonic	beautiful resolution
1add4	1M	ascending	beautiful resolution
1add4	1m	harmonic	beautiful bittersweet resolution
1add4	1m	ascending	beautiful wonderous resolution
1add4	1s2	harmonic	complex beauty
1add4	1s2	ascending	complex beauty
1add4	1s4	harmonic	complex beauty
1add4	1s4	ascending	complex beauty
1add4	1+	harmonic	beautiful growing anticipation
1add4	1+	ascending	beautiful growing anticipation
1add4	1-	harmonic	beautiful nuance
1add4	1-	ascending	beautiful ominous wonder
1add4	1M7	harmonic	+
1add4	1M7	ascending	 
1add4	1m7	harmonic	beautiful wonder
1add4	1m7	ascending	beautiful ominous wonder
1add4	1Mm7	harmonic	beautiful ominous wonder
1add4	1Mm7	ascending	beautiful ominous wonder
1add4	1mM7	harmonic	 
1add4	1mM7	ascending	complex beauty
1add4	1M9	harmonic	annoyance
1add4	1M9	ascending	annoyance
1add4	1m9	harmonic	annoyance
1add4	1m9	ascending	annoyance
1add4	1M6	harmonic	 
1add4	1M6	ascending	growing optimism
1add4	1m6	harmonic	growing wonder
1add4	1m6	ascending	growing wonder
1add4	1M11	harmonic	annoyance
1add4	1M11	ascending	annoyance
1add4	1m11	harmonic	annoyance
1add4	1m11	ascending	annoyance
1add4	1∅7	harmonic	growing apprehension
1add4	1∅7	ascending	growing apprehension
1add4	1+M7	harmonic	growing apprehension
1add4	1+M7	ascending	growing ominous
1add4	1-7	harmonic	 
1add4	1-7	ascending	growing ominous
1add4	1+7	harmonic	growing anticipation
1add4	1+7	ascending	growing wonderous anticipation
1add4	1add2	harmonic	growing coherence
1add4	1add2	ascending	growing coherence
1add4	1add4	harmonic	 
1add4	1add4	ascending	 
1add4	1add9	harmonic	 
1add4	1add9	ascending	 
1add4	1M79	harmonic	 
1add4	1M79	ascending	beautiful nuance
1add4	1m79	harmonic	beautiful nuance
1add4	1m79	ascending	complex beautiful nuance
1add4	1M911	harmonic	annoyance
1add4	1M911	ascending	annoyance
1add4	1m911	harmonic	annoyance
1add4	1m911	ascending	beautiful wonderous mystery
1add4	1m3	harmonic	beautiful wonderous resolution
1add4	1m3	ascending	beautiful wonderous resolution
1add4	1M3	harmonic	beautiful resolution
1add4	1M3	ascending	beautiful progressive resolution
1add4	1P4	harmonic	beautiful harmonious resolution
1add4	1P4	ascending	beautiful harmonious resolution
1add4	1P5	harmonic	beautiful harmonious resolution
1add4	1P5	ascending	beautiful harmonious resolution
1add4	1P1	harmonic	beautiful finality
1add4	1P1	ascending	beautiful finality
1add9	1M	harmonic	beautiful resolution
1add9	1M	ascending	beautiful resolution
1add9	1m	harmonic	beautiful bittersweet resolution
1add9	1m	ascending	beautiful wonderous resolution
1add9	1s2	harmonic	beautiful nuanced resolution
1add9	1s2	ascending	beautiful nuanced resolution
1add9	1s4	harmonic	beautiful harmonious nuanced resolution
1add9	1s4	ascending	beautiful harmonious nuanced resolution
1add9	1+	harmonic	beautiful growing anticipation
1add9	1+	ascending	beautiful wonderous anticipation
1add9	1-	harmonic	beautiful growing disappointment
1add9	1-	ascending	beautiful
1add9	1M7	harmonic	 
1add9	1M7	ascending	 
1add9	1m7	harmonic	beautiful
1add9	1m7	ascending	beautiful nuance
1add9	1Mm7	harmonic	beautiful nuance
1add9	1Mm7	ascending	beautiful nuance
1add9	1mM7	harmonic	beautiful growing apprehension
1add9	1mM7	ascending	beautiful growing apprehension
1add9	1M9	harmonic	 
1add9	1M9	ascending	 
1add9	1m9	harmonic	beautiful growing apprehension
1add9	1m9	ascending	beautiful sudden apprehension
1add9	1M6	harmonic	beautiful resolution
1add9	1M6	ascending	beautiful resolution
1add9	1m6	harmonic	beautiful bittersweet resolution
1add9	1m6	ascending	beautiful ominous wonder
1add9	1M11	harmonic	 
1add9	1M11	ascending	 
1add9	1m11	harmonic	beautiful growing nuance
1add9	1m11	ascending	beautiful growing nuance
1add9	1∅7	harmonic	beautiful nuance
1add9	1∅7	ascending	beautiful nuance
1add9	1+M7	harmonic	beautiful nuance
1add9	1+M7	ascending	beautiful nuance
1add9	1-7	harmonic	beautiful nuanced resolution
1add9	1-7	ascending	beautiful nuanced resolution
1add9	1+7	harmonic	beautiful growing apprehension
1add9	1+7	ascending	beautiful growing apprehension
1add9	1add2	harmonic	beautiful sudden resolution
1add9	1add2	ascending	beautiful sudden resolution
1add9	1add4	harmonic	beautiful sudden resolution
1add9	1add4	ascending	beautiful progress
1add9	1add9	harmonic	 
1add9	1add9	ascending	 
1add9	1M79	harmonic	 
1add9	1M79	ascending	beautiful nuance
1add9	1m79	harmonic	beautiful nuance
1add9	1m79	ascending	beautiful
1add9	1M911	harmonic	 
1add9	1M911	ascending	beautiful confusion
1add9	1m911	harmonic	beautiful nuanced confusion
1add9	1m911	ascending	beautiful nuanced confusion
1add9	1m3	harmonic	beautiful growing anticipation or apprehension
1add9	1m3	ascending	beautiful growing mystery
1add9	1M3	harmonic	beautiful harmonious resolution
1add9	1M3	ascending	beautiful harmonious resolution
1add9	1P4	harmonic	beautiful triumphant resolution
1add9	1P4	ascending	beautiful triumphant resolution
1add9	1P5	harmonic	beautiful triumphant resolution
1add9	1P5	ascending	beautiful triumphant resolution
1add9	1P1	harmonic	beautiful finality
1add9	1P1	ascending	beautiful finality
1M79	1M	harmonic	beautiful nuanced harmonious finality
1M79	1M	ascending	beautiful nuance
1M79	1m	harmonic	beautiful anticipation
1M79	1m	ascending	beautiful mystery
1M79	1s2	harmonic	beautiful nuanced mystery
1M79	1s2	ascending	 
1M79	1s4	harmonic	beautiful growing anticipation
1M79	1s4	ascending	beautiful growing anticipation
1M79	1+	harmonic	beautiful growing apprehension
1M79	1+	ascending	beautiful intricate nuance
1M79	1-	harmonic	beautiful growing apprehension
1M79	1-	ascending	beautiful growing apprehension
1M79	1M7	harmonic	beautiful relief
1M79	1M7	ascending	beautiful growing relief
1M79	1m7	harmonic	beautiful nuanced resolution
1M79	1m7	ascending	beautiful nuanced resolution
1M79	1Mm7	harmonic	 
1M79	1Mm7	ascending	 
1M79	1mM7	harmonic	beautiful nuance
1M79	1mM7	ascending	beautiful nuance
1M79	1M9	harmonic	 
1M79	1M9	ascending	beautiful ambivalence
1M79	1m9	harmonic	horror
1M79	1m9	ascending	horror
1M79	1M6	harmonic	beautiful resolution
1M79	1M6	ascending	beautiful resolution
1M79	1m6	harmonic	beautiful resolution
1M79	1m6	ascending	beautiful wonder
1M79	1M11	harmonic	annoyance
1M79	1M11	ascending	annoyance
1M79	1m11	harmonic	annoyance
1M79	1m11	ascending	beautiful confusion
1M79	1∅7	harmonic	beautiful growing sorrow
1M79	1∅7	ascending	beautiful growing sorrow
1M79	1+M7	harmonic	beautiful growing sorrow
1M79	1+M7	ascending	beautiful growing sorrow
1M79	1-7	harmonic	beautiful growing sorrow
1M79	1-7	ascending	beautiful growing sorrow
1M79	1+7	harmonic	beautiful growing nuance
1M79	1+7	ascending	beautiful growing nuance
1M79	1add2	harmonic	harmonious resolution
1M79	1add2	ascending	harmonious resolution
1M79	1add4	harmonic	beautiful resolution
1M79	1add4	ascending	beautiful resolution
1M79	1add9	harmonic	annoyance
1M79	1add9	ascending	beautiful resolution
1M79	1M79	harmonic	 
1M79	1M79	ascending	 
1M79	1m79	harmonic	beautiful
1M79	1m79	ascending	beautiful wonderous nuance
1M79	1M911	harmonic	annoyance
1M79	1M911	ascending	growing anticipation
1M79	1m911	harmonic	growing nuance
1M79	1m911	ascending	beautiful growing nuance
1M79	1m3	harmonic	beautiful resolution
1M79	1m3	ascending	beautiful resolution
1M79	1M3	harmonic	beautiful harmonious resolution
1M79	1M3	ascending	beautiful harmonious resolution
1M79	1P4	harmonic	beautiful harmonious resolution
1M79	1P4	ascending	beautiful harmonious resolution
1M79	1P5	harmonic	beautiful finality
1M79	1P5	ascending	beautiful finality
1M79	1P1	harmonic	annoyance
1M79	1P1	ascending	beautiful finality
1m79	1M	harmonic	beautiful finality
1m79	1M	ascending	beautiful growing mystery
1m79	1m	harmonic	beautiful nuanced resolution
1m79	1m	ascending	beautiful nuanced resolution
1m79	1s2	harmonic	growing bittersweet
1m79	1s2	ascending	 
1m79	1s4	harmonic	growing anticipation
1m79	1s4	ascending	growing anticipation
1m79	1+	harmonic	growing apprehension
1m79	1+	ascending	growing apprehension
1m79	1-	harmonic	growing apprehension
1m79	1-	ascending	beautiful growing ominous
1m79	1M7	harmonic	beautiful growing resolution
1m79	1M7	ascending	beautiful nuanced resolution
1m79	1m7	harmonic	beautiful growing resolution
1m79	1m7	ascending	beautiful nuanced resolution
1m79	1Mm7	harmonic	beautiful nuanced resolution
1m79	1Mm7	ascending	beautiful nuanced resolution
1m79	1mM7	harmonic	 
1m79	1mM7	ascending	 
1m79	1M9	harmonic	beautiful growing anticipation
1m79	1M9	ascending	beautiful growing anticipation
1m79	1m9	harmonic	annoyance
1m79	1m9	ascending	annoyance
1m79	1M6	harmonic	beautiful growing resolution
1m79	1M6	ascending	beautiful nuanced resolution
1m79	1m6	harmonic	beautiful growing resolution
1m79	1m6	ascending	beautiful ominous resolution
1m79	1M11	harmonic	annoyance
1m79	1M11	ascending	annoyance
1m79	1m11	harmonic	beautiful growing anticipation
1m79	1m11	ascending	beautiful nuanced resolution
1m79	1∅7	harmonic	beautiful growing concern
1m79	1∅7	ascending	beautiful growing concern
1m79	1+M7	harmonic	beautiful growing apprehension
1m79	1+M7	ascending	beautiful growing apprehension
1m79	1-7	harmonic	beautiful growing apprehension
1m79	1-7	ascending	beautiful growing apprehension
1m79	1+7	harmonic	beautiful growing apprehension
1m79	1+7	ascending	beautiful nuanced resolution
1m79	1add2	harmonic	beautiful sudden resolution
1m79	1add2	ascending	beautiful sudden resolution
1m79	1add4	harmonic	beautiful sudden nuanced resolution
1m79	1add4	ascending	beautiful sudden nuanced progressive resolution
1m79	1add9	harmonic	beautiful growing apprehension
1m79	1add9	ascending	beautiful sudden resolution
1m79	1M79	harmonic	beautiful growing apprehension
1m79	1M79	ascending	beautiful growing apprehension
1m79	1m79	harmonic	 
1m79	1m79	ascending	 
1m79	1M911	harmonic	growing apprehension
1m79	1M911	ascending	growing apprehension
1m79	1m911	harmonic	growing apprehension
1m79	1m911	ascending	growing apprehension
1m79	1m3	harmonic	growing apprehension
1m79	1m3	ascending	growing apprehension
1m79	1M3	harmonic	growing finality
1m79	1M3	ascending	growing finality
1m79	1P4	harmonic	growing finality
1m79	1P4	ascending	growing finality
1m79	1P5	harmonic	growing finality
1m79	1P5	ascending	growing finality
1m79	1P1	harmonic	annoyance
1m79	1P1	ascending	growing finality
1M911	1M	harmonic	beautiful growing coherence
1M911	1M	ascending	beautiful growing coherence
1M911	1m	harmonic	beautiful growing disappointment
1M911	1m	ascending	beautiful growing disappointment
1M911	1s2	harmonic	beautiful growing disappointment
1M911	1s2	ascending	beautiful growing nuance
1M911	1s4	harmonic	beautiful growing apprehension
1M911	1s4	ascending	beautiful growing nuance
1M911	1+	harmonic	beautiful growing shock
1M911	1+	ascending	beautiful growing shock
1M911	1-	harmonic	beautiful growing anticipation
1M911	1-	ascending	beautiful growing apprehension
1M911	1M7	harmonic	beautiful growing clarity and resolution
1M911	1M7	ascending	beautiful growing clarity and resolution
1M911	1m7	harmonic	beautiful growing relief
1M911	1m7	ascending	beautiful growing ominous relief
1M911	1Mm7	harmonic	beautiful growing confusion
1M911	1Mm7	ascending	beautiful growing nuance
1M911	1mM7	harmonic	beautiful growing nuance
1M911	1mM7	ascending	beautiful 
1M911	1M9	harmonic	 
1M911	1M9	ascending	beautiful confusion
1M911	1m9	harmonic	annoyance
1M911	1m9	ascending	annoyance
1M911	1M6	harmonic	beautiful growing clarity
1M911	1M6	ascending	beautiful growing clarity
1M911	1m6	harmonic	beautiful growing concern
1M911	1m6	ascending	beautiful growing ominous
1M911	1M11	harmonic	 
1M911	1M11	ascending	beautiful
1M911	1m11	harmonic	beautiful growing apprehension
1M911	1m11	ascending	beautiful growing apprehension
1M911	1∅7	harmonic	beautiful growing apprehension
1M911	1∅7	ascending	beautiful growing apprehension
1M911	1+M7	harmonic	beautiful growing confusion
1M911	1+M7	ascending	beautiful growing concern
1M911	1-7	harmonic	beautiful growing concern
1M911	1-7	ascending	beautiful growing concern
1M911	1+7	harmonic	beautiful growing concern
1M911	1+7	ascending	beautiful growing concern
1M911	1add2	harmonic	beautiful growing resolution
1M911	1add2	ascending	beautiful growing resolution
1M911	1add4	harmonic	beautiful growing resolution
1M911	1add4	ascending	beautiful growing resolution
1M911	1add9	harmonic	growing apprehension and confusion
1M911	1add9	ascending	growing apprehension and confusion
1M911	1M79	harmonic	growing confused apprehension
1M911	1M79	ascending	growing confused apprehension
1M911	1m79	harmonic	growing confused apprehension
1M911	1m79	ascending	growing confused apprehension
1M911	1M911	harmonic	 
1M911	1M911	ascending	 
1M911	1m911	harmonic	growing confused apprehension
1M911	1m911	ascending	growing confused apprehension
1M911	1m3	harmonic	growing confused finality
1M911	1m3	ascending	growing confused finality
1M911	1M3	harmonic	growing apprehensive finality
1M911	1M3	ascending	growing apprehensive finality
1M911	1P4	harmonic	growing apprehensive finality
1M911	1P4	ascending	growing apprehensive finality
1M911	1P5	harmonic	growing apprehensive finality
1M911	1P5	ascending	growing confused finality
1M911	1P1	harmonic	growing apprehensive finality
1M911	1P1	ascending	growing apprehensive finality
1m911	1M	harmonic	growing relief
1m911	1M	ascending	growing mystery
1m911	1m	harmonic	growing concern
1m911	1m	ascending	growing concern
1m911	1s2	harmonic	growing concern
1m911	1s2	ascending	growing concern
1m911	1s4	harmonic	growing wonder
1m911	1s4	ascending	growing wonder
1m911	1+	harmonic	growing concern
1m911	1+	ascending	growing concern
1m911	1-	harmonic	growing concern
1m911	1-	ascending	growing concern
1m911	1M7	harmonic	sudden relief
1m911	1M7	ascending	growing relief
1m911	1m7	harmonic	growing nuanced relief
1m911	1m7	ascending	growing nuanced relief
1m911	1Mm7	harmonic	growing resolution
1m911	1Mm7	ascending	growing nuanced resolution
1m911	1mM7	harmonic	growing concern
1m911	1mM7	ascending	growing concern
1m911	1M9	harmonic	growing relief
1m911	1M9	ascending	growing relief
1m911	1m9	harmonic	pain
1m911	1m9	ascending	fear
1m911	1M6	harmonic	relief
1m911	1M6	ascending	relief
1m911	1m6	harmonic	concern
1m911	1m6	ascending	concern
1m911	1M11	harmonic	growing fear
1m911	1M11	ascending	growing confusion
1m911	1m11	harmonic	growing nuance
1m911	1m11	ascending	growing nuance
1m911	1∅7	harmonic	growing concern
1m911	1∅7	ascending	growing concern
1m911	1+M7	harmonic	growing concern
1m911	1+M7	ascending	growing concern
1m911	1-7	harmonic	growing apprehension
1m911	1-7	ascending	growing apprehension
1m911	1+7	harmonic	growing fear
1m911	1+7	ascending	growing apprehension
1m911	1add2	harmonic	growing fear
1m911	1add2	ascending	growing wonder
1m911	1add4	harmonic	growing fear
1m911	1add4	ascending	growing wonderous progress
1m911	1add9	harmonic	growing beautiful relief
1m911	1add9	ascending	growing relief
1m911	1M79	harmonic	growing relief
1m911	1M79	ascending	growing concern
1m911	1m79	harmonic	growing concern
1m911	1m79	ascending	growing concern
1m911	1M911	harmonic	growing apprehension
1m911	1M911	ascending	growing apprehension
1m911	1m911	harmonic	 
1m911	1m911	ascending	 
1m911	1m3	harmonic	concerned finality
1m911	1m3	ascending	growing concern
1m911	1M3	harmonic	growing concern
1m911	1M3	ascending	growing concern
1m911	1P4	harmonic	concerned finality
1m911	1P4	ascending	growing concerned finality
1m911	1P5	harmonic	growing concerned finality
1m911	1P5	ascending	growing concerned finality
1m911	1P1	harmonic	growing concern
1m911	1P1	ascending	growing concern
1m3	1M	harmonic	restful beauty
1m3	1M	ascending	restful beauty
1m3	1m	harmonic	beautiful rest
1m3	1m	ascending	beautiful rest
1m3	1s2	harmonic	beautiful rest
1m3	1s2	ascending	beautiful rest
1m3	1s4	harmonic	beautiful growing concerned
1m3	1s4	ascending	beautiful growing concerned
1m3	1+	harmonic	growing concerned
1m3	1+	ascending	growing concerned
1m3	1-	harmonic	growing concerned
1m3	1-	ascending	growing concerned
1m3	1M7	harmonic	apprehension
1m3	1M7	ascending	apprehension
1m3	1m7	harmonic	nuanced apprehension
1m3	1m7	ascending	nuanced apprehension
1m3	1Mm7	harmonic	nuanced fear
1m3	1Mm7	ascending	nuanced fear
1m3	1mM7	harmonic	fear
1m3	1mM7	ascending	apprehension
1m3	1M9	harmonic	pain
1m3	1M9	ascending	pain
1m3	1m9	harmonic	pain
1m3	1m9	ascending	pain
1m3	1M6	harmonic	nuanced pain
1m3	1M6	ascending	confused pain
1m3	1m6	harmonic	pain
1m3	1m6	ascending	ominous pain
1m3	1M11	harmonic	pain
1m3	1M11	ascending	pain
1m3	1m11	harmonic	pain
1m3	1m11	ascending	pain
1m3	1∅7	harmonic	pain
1m3	1∅7	ascending	confused pain
1m3	1+M7	harmonic	growing apprehension
1m3	1+M7	ascending	painful growing apprehension
1m3	1-7	harmonic	painful growing apprehension
1m3	1-7	ascending	painful growing apprehension
1m3	1+7	harmonic	painful growing apprehension
1m3	1+7	ascending	growing apprehension
1m3	1add2	harmonic	painful growing relieved
1m3	1add2	ascending	painful growing relieved
1m3	1add4	harmonic	painful growing relieved
1m3	1add4	ascending	painful progress growing relieved
1m3	1add9	harmonic	painful growing sorrowful but relieved
1m3	1add9	ascending	painful
1m3	1M79	harmonic	pain
1m3	1M79	ascending	painful
1m3	1m79	harmonic	painful growing sorrow
1m3	1m79	ascending	painful growing sorrow
1m3	1M911	harmonic	painful growing apprehensive sorrow
1m3	1M911	ascending	painful growing confused apprehension
1m3	1m911	harmonic	painful growing sorrow
1m3	1m911	ascending	painful growing nuanced sorrow
1m3	1m3	harmonic	anhedonia
1m3	1m3	ascending	ominous anhedonia
1m3	1M3	harmonic	painful growing anhedonia
1m3	1M3	ascending	ominous anhedonia
1m3	1P4	harmonic	painful growing succor
1m3	1P4	ascending	growing succor
1m3	1P5	harmonic	painful growing redemption
1m3	1P5	ascending	growing redemption
1m3	1P1	harmonic	growing sorrowful finality
1m3	1P1	ascending	sorrowful finality
1M3	1M	harmonic	sorrowful resolution
1M3	1M	ascending	resolution
1M3	1m	harmonic	sorrowful resolution
1M3	1m	ascending	sorrowful resolution
1M3	1s2	harmonic	sorrowful growing complexity
1M3	1s2	ascending	sorrowful growing complexity
1M3	1s4	harmonic	sorrowful growing hope
1M3	1s4	ascending	sorrowful growing hope
1M3	1+	harmonic	sorrowful growing apprehension
1M3	1+	ascending	sorrowful ominous growing apprehension
1M3	1-	harmonic	growing apprehension
1M3	1-	ascending	ominous growing apprehension
1M3	1M7	harmonic	nuanced
1M3	1M7	ascending	confused
1M3	1m7	harmonic	growing confusion
1M3	1m7	ascending	growing nuance
1M3	1Mm7	harmonic	growing concern
1M3	1Mm7	ascending	growing concern
1M3	1mM7	harmonic	growing fear
1M3	1mM7	ascending	growing fear
1M3	1M9	harmonic	 
1M3	1M9	ascending	confusion
1M3	1m9	harmonic	confused concern
1M3	1m9	ascending	confused concern
1M3	1M6	harmonic	confusion
1M3	1M6	ascending	confusion
1M3	1m6	harmonic	confused relief
1M3	1m6	ascending	confused relief
1M3	1M11	harmonic	confused relief
1M3	1M11	ascending	confused apprehension
1M3	1m11	harmonic	growing apprehension
1M3	1m11	ascending	concern
1M3	1∅7	harmonic	growing concern
1M3	1∅7	ascending	ominous growing concern
1M3	1+M7	harmonic	confused fear
1M3	1+M7	ascending	confused fear
1M3	1-7	harmonic	confusion
1M3	1-7	ascending	ominous confusion
1M3	1+7	harmonic	confusion
1M3	1+7	ascending	concerned confusion
1M3	1add2	harmonic	confused
1M3	1add2	ascending	musical equivalent of abusive manipulation
1M3	1add4	harmonic	confused
1M3	1add4	ascending	confused
1M3	1add9	harmonic	confused beauty
1M3	1add9	ascending	confused beauty
1M3	1M79	harmonic	 
1M3	1M79	ascending	intricate beauty
1M3	1m79	harmonic	beauty
1M3	1m79	ascending	intricate beauty
1M3	1M911	harmonic	confused beauty
1M3	1M911	ascending	confused beauty
1M3	1m911	harmonic	wonderous beauty
1M3	1m911	ascending	intricate progressive beauty
1M3	1m3	harmonic	ominous
1M3	1m3	ascending	ominous
1M3	1M3	harmonic	 
1M3	1M3	ascending	 
1M3	1P4	harmonic	subdued growing anticipation
1M3	1P4	ascending	progressive
1M3	1P5	harmonic	progressive
1M3	1P5	ascending	progressive
1M3	1P1	harmonic	finality
1M3	1P1	ascending	finality
1P4	1M	harmonic	harmonious beauty
1P4	1M	ascending	progressive
1P4	1m	harmonic	nuanced beauty
1P4	1m	ascending	nuanced beauty
1P4	1s2	harmonic	nuanced beauty
1P4	1s2	ascending	nuanced beauty
1P4	1s4	harmonic	sustained beauty
1P4	1s4	ascending	sustained beauty
1P4	1+	harmonic	growing apprehension
1P4	1+	ascending	growing wonder or apprehension
1P4	1-	harmonic	ominous
1P4	1-	ascending	ominous
1P4	1M7	harmonic	harmonious nuance
1P4	1M7	ascending	intricate nuance
1P4	1m7	harmonic	growing progressive anticipation
1P4	1m7	ascending	growing progressive anticipation
1P4	1Mm7	harmonic	growing nuance
1P4	1Mm7	ascending	growing progressive
1P4	1mM7	harmonic	growing apprehension
1P4	1mM7	ascending	growing apprehension
1P4	1M9	harmonic	growing resolution
1P4	1M9	ascending	growing nuance
1P4	1m9	harmonic	growing concern
1P4	1m9	ascending	ominous
1P4	1M6	harmonic	sudden resolution
1P4	1M6	ascending	 
1P4	1m6	harmonic	growing resolution
1P4	1m6	ascending	growing ominous
1P4	1M11	harmonic	growing apprehension
1P4	1M11	ascending	annoyance
1P4	1m11	harmonic	 
1P4	1m11	ascending	 
1P4	1∅7	harmonic	sudden disappointment
1P4	1∅7	ascending	sudden apprehension
1P4	1+M7	harmonic	growing concern
1P4	1+M7	ascending	growing concern
1P4	1-7	harmonic	growing apprehension
1P4	1-7	ascending	growing ominous
1P4	1+7	harmonic	growing apprehension
1P4	1+7	ascending	growing ominous
1P4	1add2	harmonic	sudden relief
1P4	1add2	ascending	sudden relief
1P4	1add4	harmonic	sudden resolution
1P4	1add4	ascending	progress
1P4	1add9	harmonic	sudden revelation
1P4	1add9	ascending	progress
1P4	1M79	harmonic	 
1P4	1M79	ascending	intricate beauty
1P4	1m79	harmonic	beauty
1P4	1m79	ascending	beauty
1P4	1M911	harmonic	 
1P4	1M911	ascending	 
1P4	1m911	harmonic	 
1P4	1m911	ascending	intricate beauty
1P4	1m3	harmonic	 
1P4	1m3	ascending	moody
1P4	1M3	harmonic	beauty
1P4	1M3	ascending	beauty
1P4	1P4	harmonic	 
1P4	1P4	ascending	 
1P4	1P5	harmonic	resolution
1P4	1P5	ascending	resolution
1P4	1P1	harmonic	finality
1P4	1P1	ascending	finality
1P5	1M	harmonic	resolution
1P5	1M	ascending	resolution
1P5	1m	harmonic	moody calm
1P5	1m	ascending	moody calm
1P5	1s2	harmonic	calm
1P5	1s2	ascending	calm
1P5	1s4	harmonic	beauty
1P5	1s4	ascending	beauty
1P5	1+	harmonic	growing apprehension
1P5	1+	ascending	growing wonder
1P5	1-	harmonic	growing moody
1P5	1-	ascending	moody
1P5	1M7	harmonic	 
1P5	1M7	ascending	 
1P5	1m7	harmonic	 
1P5	1m7	ascending	nuance
1P5	1Mm7	harmonic	complex nuance
1P5	1Mm7	ascending	nuance
1P5	1mM7	harmonic	growing apprehension
1P5	1mM7	ascending	growing apprehension
1P5	1M9	harmonic	growing apprehension
1P5	1M9	ascending	growing apprehension
1P5	1m9	harmonic	growing ominous
1P5	1m9	ascending	growing confusion
1P5	1M6	harmonic	growing resolution
1P5	1M6	ascending	resolution
1P5	1m6	harmonic	growing apprehension
1P5	1m6	ascending	growing ominous
1P5	1M11	harmonic	fear
1P5	1M11	ascending	fear
1P5	1m11	harmonic	despair
1P5	1m11	ascending	nuance
1P5	1∅7	harmonic	growing apprehension
1P5	1∅7	ascending	growing apprehension
1P5	1+M7	harmonic	growing apprehension
1P5	1+M7	ascending	growing apprehension
1P5	1-7	harmonic	growing calm
1P5	1-7	ascending	growing calm
1P5	1+7	harmonic	growing apprehension
1P5	1+7	ascending	growing apprehension
1P5	1add2	harmonic	sudden resolution
1P5	1add2	ascending	sudden resolution
1P5	1add4	harmonic	sudden calm
1P5	1add4	ascending	growing calm
1P5	1add9	harmonic	growing apprehension
1P5	1add9	ascending	growing apprehension
1P5	1M79	harmonic	finality
1P5	1M79	ascending	finality
1P5	1m79	harmonic	finality
1P5	1m79	ascending	intricate finality
1P5	1M911	harmonic	intricate harmony
1P5	1M911	ascending	wonder
1P5	1m911	harmonic	wonder
1P5	1m911	ascending	wonder
1P5	1m3	harmonic	calm
1P5	1m3	ascending	calm
1P5	1M3	harmonic	restful
1P5	1M3	ascending	restful
1P5	1P4	harmonic	sacred
1P5	1P4	ascending	sacred
1P5	1P5	harmonic	finality
1P5	1P5	ascending	 
1P5	1P1	harmonic	finality
1P5	1P1	ascending	finality
1P1	1M	harmonic	resolution
1P1	1M	ascending	resolution
1P1	1m	harmonic	moody resolution
1P1	1m	ascending	moody resolution
1P1	1s2	harmonic	glorious resolution
1P1	1s2	ascending	glorious resolution
1P1	1s4	harmonic	glorious resolution
1P1	1s4	ascending	glorious resolution
1P1	1+	harmonic	growing apprehension
1P1	1+	ascending	ominous  
1P1	1-	harmonic	growing threat
1P1	1-	ascending	growing threat
1P1	1M7	harmonic	 
1P1	1M7	ascending	growing nuance
1P1	1m7	harmonic	growing nuance    
1P1	1m7	ascending	growing wonderous nuance
1P1	1Mm7	harmonic	glorious nuance
1P1	1Mm7	ascending	glorious nuance
1P1	1mM7	harmonic	growing apprehension
1P1	1mM7	ascending	growing apprehension
1P1	1M9	harmonic	growing apprehension
1P1	1M9	ascending	growing apprehension
1P1	1m9	harmonic	growing concern
1P1	1m9	ascending	growing concern
1P1	1M6	harmonic	growing relief
1P1	1M6	ascending	growing relief
1P1	1m6	harmonic	growing calm
1P1	1m6	ascending	ominous wonderous calm
1P1	1M11	harmonic	annoyance
1P1	1M11	ascending	annoyance
1P1	1m11	harmonic	confusion
1P1	1m11	ascending	nuance
1P1	1∅7	harmonic	growing concern
1P1	1∅7	ascending	growing concern
1P1	1+	harmonic	growing concern
1P1	1+	ascending	growing concern
1P1	1-	harmonic	growing apprehension
1P1	1-	ascending	growing apprehension
1P1	1+	harmonic	growing apprehension
1P1	1+	ascending	growing apprehension
1P1	1add2	harmonic	growing resolution
1P1	1add2	ascending	wonderous calm
1P1	1add4	harmonic	growing calm
1P1	1add4	ascending	progressive calm
1P1	1add9	harmonic	growing concern
1P1	1add9	ascending	growing concern
1P1	1M79	harmonic	annoyance
1P1	1M79	ascending	annoyance
1P1	1m79	harmonic	annoyance
1P1	1m79	ascending	annoyance
1P1	1M911	harmonic	annoyance
1P1	1M911	ascending	wonder
1P1	1m911	harmonic	nuanced wonder
1P1	1m911	ascending	nuanced wonder
1P1	1m3	harmonic	       
1P1	1m3	ascending	oncoming sleep
1P1	1m3	harmonic	oncoming sleep
1P1	1M3	ascending	calm finality
1P1	1M3	harmonic	calm         
1P1	1P4	ascending	calm harmony
1P1	1P4	harmonic	calm harmony
1P1	1P5	ascending	calm
1P1	1P5	harmonic	growing calm
1P1	1P1	ascending	finality
1P1	1P1	harmonic	finality
